# Emoji and text symbols for Booklight's picker. Six columns, separated by tabs:
# glyph, kind (e = emoji, s = symbol), English name, English words, German name, German words; words separated by "|".
# Emoji and their order: Unicode emoji-test.txt 18.0, up to Emoji 15.1, without skin tones and hair styles.
# Their names and words: Unicode CLDR 48.2 annotations, English and German. © Unicode, Inc.; see NOTICE.
# Symbols: the list in tools/emoji.py.
# Only these first lines are comments: the row of the keycap # emoji begins with "#" too.
# Generated by tools/emoji.py; do not edit.
😀	e	grinning face	cheerful|cheery|happy|laugh|nice|smile|smiling|teeth	grinsendes Gesicht	froh|fröhlich|Gesicht|haha|lachen|lol|lustig|Smiley
😃	e	grinning face with big eyes	awesome|happy|mouth|open|smile|smiling|teeth|yay	grinsendes Gesicht mit großen Augen	fröhlich|lächeln|lachen|lol|lustig|Mund|offen|Smiley
😄	e	grinning face with smiling eyes	face|happy|laugh|lol|mouth|open|smile|smiling	grinsendes Gesicht mit lachenden Augen	fröhlich|geschlossen|lächeln|lol|lustig|Mund|offen|Smiley
😁	e	beaming face with smiling eyes	face|grin|grinning|happy|nice|smile|smiling|teeth	strahlendes Gesicht mit lachenden Augen	fröhlich|Gesicht|grinsen|happy|lächeln|lustig|Smiley|Zähne
😆	e	grinning squinting face	closed|eyes|happy|laugh|mouth|open|smile|smiling	Grinsegesicht mit zugekniffenen Augen	geschlossen|Gesicht|grinsen|lachen|lustig|Mund|offen|Smiley
😅	e	grinning face with sweat	cold|dejected|excited|mouth|nervous|open|smile|smiling	grinsendes Gesicht mit Schweißtropfen	lächeln|lachen|lustig|Mund|nervös|offen|schwitzen|Smiley
🤣	e	rolling on the floor laughing	crying|face|funny|haha|happy|joy|lol|tear	sich vor Lachen auf dem Boden wälzen	Gesicht|haha|hehe|lol|lustig|Smiley|Tränen|witzig
😂	e	face with tears of joy	crying|feels|funny|haha|happy|hehe|laugh|lol	Gesicht mit Freudentränen	fröhlich|haha|lachen|lol|lustig|Smiley|Tränen|witzig
🙂	e	slightly smiling face	face|happy|slightly|smile|smiling	leicht lächelndes Gesicht	Gesicht|lächeln|leicht|Smiley
🙃	e	upside-down face	face|hehe|smile|upside-down	umgekehrtes Gesicht	auf dem Kopf|Gesicht|lächeln|Smiley|stehen|umgekehrt
🫠	e	melting face	disappear|embarrassed|haha|heat|hot|lol|sarcasm|sarcastic	schmelzendes Gesicht	auflösen|beschämt|Hitze|Sarkasmus|sarkastisch|schwitzen|Smiley|verschwinden
😉	e	winking face	face|flirt|heartbreaker|sexy|slide|tease|wink|winks	zwinkerndes Gesicht	Auge|flirten|sexy|Smiley|zudrücken|zugedrückt|zukneifen|zuzwinkern
😊	e	smiling face with smiling eyes	blush|eye|eyes|face|glad|satisfied|smile|smiling	lächelndes Gesicht mit lachenden Augen	Augen|erröten|Freude|freundlich|Gesicht|glücklich|rot|Wangen
😇	e	smiling face with halo	angel|angelic|fairy|fairytale|fantasy|happy|smile|tale	lächelndes Gesicht mit Heiligenschein	brav|Engel|Gesicht|glücklich|Lächeln|lieb|seelig|Smiley
🥰	e	smiling face with hearts	3|adore|crush|ily|love|romance|smile|you	lächelndes Gesicht mit Herzen	3|anhimmeln|bewundern|HDL|lieb|Liebe|Smiley|verliebt
😍	e	smiling face with heart-eyes	143|bae|feels|ily|love|romance|smile|xoxo	lächelndes Gesicht mit herzförmigen Augen	Augen|Gesicht|glücklich|Herzen|lächeln|Liebe|Smiley|verliebt
🤩	e	star-struck	excited|eyes|face|grinning|smile|star|starry-eyed|wow	überwältigt	aufgeregt|Augen|Gesicht|grinsen|Smiley|Star|Stern|wow
😘	e	face blowing a kiss	adorbs|bae|flirt|heart|ily|love|xoxo|you	Kuss zuwerfendes Gesicht	flirten|Gesicht|Kuss|Küsschen|küssen|lieb|Smiley|zuwerfen
😗	e	kissing face	143|date|dating|flirt|ily|love|xoxo|you	küssendes Gesicht	flirten|Gesicht|HDL|Knutsch|Kuss|küssen|Smiley|xoxo
☺️	e	smiling face	face|happy|outlined|relaxed|smile|smiling	lächelndes Gesicht	fröhlich|Gesicht|lächeln|rot|Smiley|Wangen
😚	e	kissing face with closed eyes	143|bae|date|dating|flirt|ily|kisses|xoxo	küssendes Gesicht mit geschlossenen Augen	Gesicht|Knutsch|Kuss|Küsschen|rot|Smiley|ugen|Wangen
😙	e	kissing face with smiling eyes	143|closed|date|dating|flirt|ily|love|smile	küssendes Gesicht mit lächelnden Augen	Augen|flirten|Gesicht|knutsch|Kuss|küssen|lächeln|Smiley
🥲	e	smiling face with tear	glad|grateful|happy|joy|proud|relieved|smile|smiley	lachendes Gesicht mit Träne	berührt|dankbar|erleichtert|Freudenträne|gerührt|lächeln|Smiley|stolz
😋	e	face savoring food	delicious|eat|full|hungry|smile|smiling|yum|yummy	sich die Lippen leckendes Gesicht	Gesicht|lächeln|lecker|leckeres Essen|Sich die Lippen leckender Smiley|Smiley|Zunge
😛	e	face with tongue	awesome|cool|face|nice|party|stuck-out|sweet|tongue	Gesicht mit herausgestreckter Zunge	ätsch|bäh|Gesicht|herausgestreckt|lachen|lustig|Smiley|Zunge
😜	e	winking face with tongue	crazy|epic|eye|funny|joke|party|stuck-out|yolo	zwinkerndes Gesicht mit herausgestreckter Zunge	Auge|Gesicht|herausgestreckt|herausstrecken|Smiley|zudrücken|zugedrückt|Zunge
🤪	e	zany face	crazy|eye|eyes|face|goofy|large|small|zany	irres Gesicht	Auge|Augen|Gesicht|groß|irre|klein|Smiley|verrückt
😝	e	squinting face with tongue	closed|eye|eyes|gross|omg|stuck-out|whatever|yolo	Gesicht mit herausgestreckter Zunge und zusammengekniffenen Augen	bäh|ekel|herausstrecken|igitt|schmeck|schrecklich|Smiley|zusammenkneifen
🤑	e	money-mouth face	face|money|money-mouth|mouth|paid	Gesicht mit Dollarzeichen	Dollar|Dollarzeichen|Geld|Gesicht|Mund|Smiley|Zunge
🤗	e	smiling face with open hands	face|hands|hug|hugging|open|smiling	Gesicht mit umarmenden Händen	drücken|Gesicht|Hände|Smiley|umarmen|Umarmung
🤭	e	face with hand over mouth	giggle|giggling|oops|realization|secret|shock|sudden|surprise	verlegen kicherndes Gesicht	haha|Hand|hihi|lachen|Mund|rot|Smiley|Wangen
🫢	e	face with open eyes and hand over mouth	disbelief|embarrass|gasp|omg|quiet|scared|shock|surprise	Gesicht mit offenen Augen und Hand über dem Mund	Erschrecken|Erstaunen|Furcht|geschockt|OMG|Schock|Smiley|Überraschung
🫣	e	face with peeking eye	captivated|embarrass|hide|hiding|peep|scared|shy|stare	Gesicht mit durch die Finger linsendem Auge	gebannt|Gesicht|hervorlugen|schüchtern|Smiley|spähen|starren|verlegen
🤫	e	shushing face	face|quiet|shh|shush|shushing	ermahnendes Gesicht	Finger|leise|psst|pst|Ruhe|ruhig|sch|Smiley
🤔	e	thinking face	chin|consider|face|hmm|ponder|pondering|thinking|wondering	nachdenkendes Gesicht	fragen|Gesicht|grübeln|hm|komisch|nachdenklich|Smiley|wundern
🫡	e	saluting face	good|luck|ma’am|OK|respect|salute|sir|yes	salutierendes Gesicht	Aye|jawohl|jawoll|Militär|ok|Respekt|Smiley|zu Befehl
🤐	e	zipper-mouth face	face|keep|mouth|quiet|secret|shut|zip|zipper	Gesicht mit Reißverschlussmund	Geheimnis|Gesicht|halten|Mund|Reißverschluss|schweigen|Smiley|wahren
🤨	e	face with raised eyebrow	disapproval|disbelief|distrust|emoji|hmm|skeptical|surprise|what	Gesicht mit hochgezogenen Augenbrauen	argwöhnisch|Augenbrauen|Gesicht|misstrauen|skeptisch|Smiley|stutzig|Zweifel
😐	e	neutral face	awkward|expressionless|fine|meh|oh|shade|unhappy|whatever	neutrales Gesicht	ausdruckslos|Gesicht|kommentarlos|neutral|Smiley|todernst|unbeeindruckt
😑	e	expressionless face	awkward|dead|meh|not|oh|omg|unhappy|whatever	ausdrucksloses Gesicht	ausdruckslos|Gesicht|kommentarlos|selbstgefällig|Smiley|unbeeindruckt|unglaublich
😶	e	face without mouth	awkward|blank|expressionless|mouthless|mute|quiet|secret|silent	Gesicht ohne Mund	Gesicht|kein|Mund|ohne|Smiley|sprachlos
🫥	e	dotted line face	depressed|disappear|hidden|hide|introvert|meh|whatever|wtv	gestricheltes Gesicht	depressiv|deprimiert|egal|introvertiert|Smiley|traurig|verschwinden|verstecken
😶‍🌫️	e	face in clouds	absentminded|clouds|face|fog|head	Gesicht in Wolken	geistesabwesend|Gesicht im Nebel|Kopf in Wolken
😏	e	smirking face	boss|dapper|flirt|homie|kidding|shade|sly|swag	süffisant lächelndes Gesicht	feixen|flirten|Gesicht|lächeln|Mundwinkel|schief|Smiley|süffisant
😒	e	unamused face	bored|fine|jealous|jelly|smh|ugh|unhappy|whatever	verstimmtes Gesicht	Gesicht|langweilig|Smiley|traurig|unglücklich|unzufrieden|verstimmt
🙄	e	face with rolling eyes	eyeroll|eyes|face|rolling|shade|ugh|whatever	Augen verdrehendes Gesicht	genervt|Gesicht|meinetwegen|nerv|ohje|rollen|Smiley|verrollen
😬	e	grimacing face	awk|awkward|dentist|face|grimace|grinning|smile|smiling	Grimassen schneidendes Gesicht	Gesicht|Grimasse|peinlich|schneiden|Smiley|verziehen|Zähne
😮‍💨	e	face exhaling	blow|blowing|exhale|exhausted|gasp|relief|smiley|smoke	Gesicht, das ausatmet	ausatmen|erleichtert|erschöpft|husten|puh|pusten|schnaufen|Smiley
🤥	e	lying face	face|liar|lie|lying|pinocchio	lügendes Gesicht	Gesicht|Lüge|Nase|Pinocchio|Schwindel
🫨	e	shaking face	crazy|daze|earthquake|omg|shock|surprise|whoa|wow	zitterndes Doppelgesicht	Gesicht|OMG|Panik|Schock|Smiley|überrascht|verrückt|wow
🙂‍↔️	e	head shaking horizontally	head|horizontally|no|shake|shaking	Kopfschütteln	nein|Schütteln
🙂‍↕️	e	head shaking vertically	head|nod|shaking|vertically|yes	Kopfnicken	ja|Nicken
😌	e	relieved face	calm|face|peace|relief|relieved|zen	erleichtertes Gesicht	Augen|entspannt|erleichtert|geschlossen|Gesicht|Smiley|Zen|zufrieden
😔	e	pensive face	awful|bored|dejected|died|disappointed|losing|lost|sad	nachdenkliches Gesicht	enttäuscht|Gesicht|nachdenklich|schrecklich|Smiley|traurig|verlieren|verloren
😪	e	sleepy face	crying|face|good|night|sad|sleep|sleeping|tired	schläfriges Gesicht	Gesicht|gute|müde|Nacht|schläfrig|Smiley|traurig
🤤	e	drooling face	drooling|face	sabberndes Gesicht	Gesicht|sabbern|Smiley
😴	e	sleeping face	bed|good|goodnight|nap|night|tired|whatever|zzz	schlafendes Gesicht	dösen|gähnen|gute Nacht|langweilig|müde|Nickerchen|Smiley|zzz
😷	e	face with medical mask	cold|dentist|dermatologist|doctor|dr|germs|medicine|sick	Gesicht mit Atemschutzmaske	Arzt|Bazillen|erkältet|krank|Krankheit|Mund|Smiley|Virus
🤒	e	face with thermometer	face|ill|sick|thermometer	Gesicht mit Fieberthermometer	Fieber|Gesicht|krank|messen|Smiley|Thermometer
🤕	e	face with head-bandage	bandage|face|head-bandage|hurt|injury|ouch	Gesicht mit Kopfverband	aua|autsch|Gesicht|Kopf|Schmerzen|Smiley|Verband|Verletzung
🤢	e	nauseated face	face|gross|nasty|nauseated|sick|vomit	würgendes Gesicht	ekel|eklig|erbrechen|grün|igitt|Smiley|Übelkeit|übergeben
🤮	e	face vomiting	barf|ew|gross|puke|sick|spew|throw|up	kotzendes Gesicht	brechen|erbrechen|krank|schlecht|Smiley|speien|spucken|übergeben
🤧	e	sneezing face	face|fever|flu|gesundheit|sick|sneeze|sneezing	niesendes Gesicht	erkältet|Erkältung|Gesundheit|Grippe|krank|Nase|putzen|Smiley
🥵	e	hot face	dying|feverish|heat|panting|red-faced|stroke|sweating|tongue	schwitzendes Gesicht	Fieber|heiß|herausstrecken|Hitze|rot|schnaufen|Smiley|Zunge
🥶	e	cold face	blue|blue-faced|face|freezing|frostbite|icicles|subzero|teeth	frierendes Gesicht	bibbern|blau|eisig|erfrieren|kalt|Smiley|Zähne|zittern
🥴	e	woozy face	dizzy|drunk|eyes|intoxicated|mouth|tipsy|uneven|wavy	schwindeliges Gesicht	angeheitert|angeschwipst|angetrunken|benebelt|gewellt|Mund|schwindlig|Smiley
😵	e	face with crossed-out eyes	dead|dizzy|eyes|face|feels|knocked|sick|tired	benommenes Gesicht	Augen|Gesicht|ko|krank|Kreuze|schwindelig|schwindlig|Smiley
😵‍💫	e	face with spiral eyes	confused|dizzy|hypnotized|omg|smiley|whoa|woah|woozy	Gesicht mit Spiralen als Augen	Höhenangst|Hypnose|hypnotisiert|omg|schwindelig|schwindlig|Smiley|verwirrt
🤯	e	exploding head	blown|explode|head|mind|mindblown|no|shocked|way	explodierender Kopf	entsetzt|geschockt|Gesicht|Schock|schockiert|Smiley|überwältigt|unglaublich
🤠	e	cowboy hat face	cowboy|cowgirl|face|hat	Gesicht mit Cowboyhut	Cowboy|Cowboyhut|Cowgirl|Gesicht|Hut|Smiley
🥳	e	partying face	bday|birthday|celebrate|celebration|excited|happy|hat|hooray	Partygesicht	Feier|Fest|fröhlich|Geburtstag|Gesicht|Hut|Smiley|Überraschung
🥸	e	disguised face	eyebrow|glasses|incognito|moustache|mustache|nose|person|spy	verkleidet	Brille|Gesicht|incognito|inkognito|Maske|Nase|Person|Smiley
😎	e	smiling face with sunglasses	awesome|beach|bright|bro|cool|smile|style|win	lächelndes Gesicht mit Sonnenbrille	cool|Gesicht|lächeln|Smiley|Sonnenbrille
🤓	e	nerd face	brainy|clever|expert|geek|gifted|glasses|intelligent|smart	Strebergesicht	Brille|Gesicht|intelligent|klug|Nerd|schlau|Schlaumeier|Smiley
🧐	e	face with monocle	classy|face|fancy|monocle|rich|stuffy|wealthy	Gesicht mit Monokel	elegant|Gesicht|Monokel|reich|Smiley
😕	e	confused face	befuddled|dunno|frown|meh|not|sad|sorry|sure	verwundertes Gesicht	Gesicht|keine Ahnung|Smiley|traurig|verwirrt|verwundert|weiß nicht
🫤	e	face with diagonal mouth	confused|disappointed|doubt|frustrated|meh|skeptical|whatever|wtv	Gesicht mit schrägem Mund	enttäuscht|genervt|hmpf|keine Ahnung|langweilig|skeptisch|Smiley|unsicher
😟	e	worried face	anxious|butterflies|nervous|sad|stress|stressed|surprised|worry	besorgtes Gesicht	besorgt|Gesicht|Smiley|sorgen|traurig
🙁	e	slightly frowning face	face|frown|frowning|sad|slightly	betrübtes Gesicht	betrübt|Gesicht|schade|Smiley|traurig
☹️	e	frowning face	face|frown|frowning|sad	düsteres Gesicht	deprimiert|düster|Gesicht|Smiley|stirnrunzelnd|traurig
😮	e	face with open mouth	believe|forgot|omg|shocked|surprised|whoa|wow|you	Gesicht mit offenem Mund	erstaunt|Gesicht|Mund|omg|schockiert|unglaublich|vergessen|wow
😯	e	hushed face	epic|face|hushed|omg|stunned|surprised|whoa|woah	verdutztes Gesicht	erstaunt|Gesicht|omg|Smiley|sprachlos|verdutzt
😲	e	astonished face	astonished|cost|face|no|omg|shocked|totally|way	erstauntes Gesicht	erstaunt|Gesicht|nee|omg|schockiert|Smiley|verwundert
😳	e	flushed face	awkward|crazy|dead|disbelief|embarrassed|hot|what|wow	errötetes Gesicht mit großen Augen	erröten|peinlich|rot|Scham|Smiley|überrascht|verlegen|Wangen
🥺	e	pleading face	begging|big|eyes|not|please|pretty|puppy|sad	bettelndes Gesicht	anflehen|Augen|bitte|bitten|flehend|groß|Smiley|traurig
🥹	e	face holding back tears	admiration|cry|embarrassed|grateful|joy|please|proud|sad	Gesicht, das Tränen zurückhält	aufgebracht|dankbar|Freude|Freudentränen|gerührt|Smiley|stolz|weinen
😦	e	frowning face with open mouth	caught|face|guard|scared|scary|surprise|what|wow	entsetztes Gesicht	entsetzt|Gesicht|Mund|offen|schockiert|Smiley|verwundert
😧	e	anguished face	forgot|scared|scary|stressed|surprise|unhappy|what|wow	qualvolles Gesicht	arm|Gesicht|leidend|qualvoll|Smiley|vergessen|wow
😨	e	fearful face	afraid|anxious|blame|face|fear|fearful|scared|worried	ängstliches Gesicht	Angst|ängstlich|besorgt|Gesicht
😰	e	anxious face with sweat	blue|cold|eek|mouth|nervous|open|scared|yikes	besorgtes Gesicht mit Schweißtropfen	Angst|ängstlich|Angstschweiß|Gesicht|Mund|nervös|offen|Schweiß
😥	e	sad but relieved face	anxious|call|close|complicated|disappointed|not|sweat|time	trauriges aber erleichtertes Gesicht	ängstlich|enttäuscht|erleichtert|Gesicht|knapp|Schweiß|traurig
😢	e	crying face	awful|face|feels|miss|sad|tear|triste|unhappy	weinendes Gesicht	Gesicht|Smiley|Träne|traurig|weinen
😭	e	loudly crying face	bawling|crying|face|sad|sob|tear|tears|unhappy	heulendes Gesicht	flennen|Gesicht|schluchzen|Smiley|Tränen|Tränenfluss|traurig|weinen
😱	e	face screaming in fear	epic|fearful|munch|scared|screamer|shocked|surprised|woah	vor Angst schreiendes Gesicht	Angst|ängstlich|Gesicht|Munch|omg|Panik|Schrei|schreien
😖	e	confounded face	annoyed|confused|cringe|distraught|feels|frustrated|mad|sad	verwirrtes Gesicht	bestürzt|frustriert|Gesicht|konfus|Smiley|verwirrt|verzweifelt
😣	e	persevering face	concentrate|concentration|face|focus|headache|persevere|persevering	entschlossenes Gesicht	ausdauernd|durchhalten|Fokus|Gesicht|Konzentration|konzentrieren|Kopfschmerzen
😞	e	disappointed face	awful|blame|dejected|face|fail|losing|sad|unhappy	enttäuschtes Gesicht	enttäuscht|Gesicht|leider|schade|Smiley|traurig|verloren
😓	e	downcast face with sweat	close|cold|feels|headache|nervous|sad|scared|yikes	bedrücktes Gesicht mit Schweiß	Angstschweiß|Augen|bedrückt|geschlossen|Gesicht|Kopfschmerzen|Schweiß|Smiley
😩	e	weary face	crying|feels|hungry|mad|sad|sleepy|tired|unhappy	erschöpftes Gesicht	erschöpft|Fehlschlag|Gesicht|hungrig|müde|nein|Smiley|unglücklich
😫	e	tired face	cost|face|feels|nap|sad|sneeze|tired	müdes Gesicht	Gesicht|müde|niesen|Smiley|traurig
🥱	e	yawning face	bored|goodnight|nap|night|sleep|sleepy|tired|whatever	gähnendes Gesicht	gelangweilt|Gesicht|langweilig|müde|öde|schnarch|Smiley|zzz
😤	e	face with steam from nose	anger|angry|feels|fume|fuming|furious|mad|unhappy	schnaubendes Gesicht	erleichtert|Gesicht|gewonnen
😡	e	enraged face	anger|angry|feels|mad|red|shade|unhappy|upset	schmollendes Gesicht	Gesicht|rot|Rot angelaufener Smiley|wütend
😠	e	angry face	anger|blame|feels|frustrated|mad|shade|unhappy|upset	verärgertes Gesicht	ärgern|böse|Gesicht|Smiley|verärgert|Wut|wütend|zornig
🤬	e	face with symbols on mouth	censor|cursing|cussing|face|mad|mouth|pissed|swearing	Gesicht mit Symbolen über dem Mund	Ärger|ärgern|fluchen|schimpfen|Schimpfwort|Smiley|Wut|wütend
😈	e	smiling face with horns	evil|fairy|fairytale|fantasy|purple|shade|smile|tale	grinsendes Gesicht mit Hörnern	böse|Dämon|Fantasie|lila|Märchen|Smiley|Teufel|violett
👿	e	angry face with horns	devil|evil|fairy|fairytale|fantasy|purple|shade|tale	wütendes Gesicht mit Hörnern	böse|Fantasie|Fantasy|Kobold|lila|Märchen|Teufel|violett
💀	e	skull	body|dead|face|fairy|fairytale|monster|tale|yolo	Totenkopf	Gesicht|Knochen|Märchen|Schädel|Tod|tot|yolo
☠️	e	skull and crossbones	bone|crossbones|dead|death|face|monster|skull	Totenkopf mit gekreuzten Knochen	gekreuzt|Gesicht|Knochen|Piratenflagge|Schädel|Tod|tot|Totenkopf
💩	e	pile of poo	bs|comic|doo|face|monster|poop|smh|stink	Kothaufen	Kot|Mist
🤡	e	clown face	clown|face	Clown-Gesicht	Clown|Gesicht
👹	e	ogre	creature|face|fairy|fairytale|fantasy|monster|scary|tale	Ungeheuer	Gesicht|gruselig|Japan|japanisch|Märchen|Maske|Monster|Oger
👺	e	goblin	angry|creature|face|fairy|fairytale|fantasy|monster|tale	Kobold	gemein|Gesicht|Japan|japanisch|Märchen|Maske|Monster|wütend
👻	e	ghost	excited|face|fairy|fairytale|fantasy|halloween|monster|tale	Gespenst	buh|Fantasy|Geist|Gesicht|gruselig|Halloween|Märchen|Zunge
👽	e	alien	creature|face|fairy|fairytale|fantasy|monster|space|tale	Außerirdischer	Alien|All|Fantasy|Gesicht|Märchen|Monster|UFO|Weltraum
👾	e	alien monster	creature|face|fairy|fairytale|fantasy|game|space|tale	Computerspiel-Monster	Gesicht|Monster|UFO
🤖	e	robot	face|monster	Roboter	Gesicht|Monster|Robotergesicht|Roboterkopf
😺	e	grinning cat	animal|cat|face|grinning|mouth|open|smile|smiling	grinsende Katze	Gesicht|Katzengesicht|lachen|lustig|Mund|offen|Smiley|Tier
😸	e	grinning cat with smiling eyes	animal|cat|eye|eyes|face|grinning|smile|smiling	grinsende Katze mit lachenden Augen	Augen|Gesicht|grinsen|Katze|Katzengesicht|lachen|Smiley|Tier
😹	e	cat with tears of joy	animal|cat|face|joy|laugh|laughing|lol|tear	Katze mit Freudentränen	Freude|Gesicht|Katze|Katzengesicht|lachen|Smiley|Tier|Tränen
😻	e	smiling cat with heart-eyes	animal|cat|eye|face|heart|love|smile|smiling	lachende Katze mit Herzen als Augen	Gesicht|Herzaugen|Katzengesicht|lächeln|Liebe|Smiley|Tier|verliebt
😼	e	cat with wry smile	animal|cat|face|ironic|smile|wry	verwegen lächelnde Katze	Gesicht|grinsen|ironisch|Katzengesicht|lächeln|lachen|Smiley|Tier
😽	e	kissing cat	animal|cat|closed|eye|eyes|face|kiss|kissing	küssende Katze	Augen|geschlossen|Gesicht|Katzengesicht|Kuss|rot|Smiley|Tier
🙀	e	weary cat	animal|cat|face|oh|surprised|weary	erschöpfte Katze	Angst|Gesicht|Katzengesicht|Panik|Schock|schockiert|Smiley|Tier
😿	e	crying cat	animal|cat|cry|crying|face|sad|tear	weinende Katze	Gesicht|Katze|Katzengesicht|Smiley|Tier|Träne|traurig|weinen
😾	e	pouting cat	animal|cat|face|pouting	schmollende Katze	Gesicht|Katze|Katzengesicht|schmollen|Schmollmund|Smiley|Tier|verärgert
🙈	e	see-no-evil monkey	face|forbidden|gesture|omg|prohibited|scared|secret|smh	sich die Augen zuhaltendes Affengesicht	böse|Geheimnis|gemein|Geste|nein|omg|Tier|verboten
🙉	e	hear-no-evil monkey	animal|ears|face|forbidden|gesture|not|prohibited|secret	sich die Ohren zuhaltendes Affengesicht	böse|Geheimnis|gemein|Geste|hören|nein|Tier|verboten
🙊	e	speak-no-evil monkey	animal|face|forbidden|gesture|not|prohibited|quiet|secret	sich den Mund zuhaltendes Affengesicht	böse|Geheimnis|Geste|Hand|leise|nein|Tier|verboten
💌	e	love letter	heart|letter|love|mail|romance|valentine	Liebesbrief	Brief|Herz|Liebe|Post|Siegel
💘	e	heart with arrow	143|adorbs|date|emotion|ily|love|romance|valentine	Herz mit Pfeil	Herz|Liebe|Pfeil
💝	e	heart with ribbon	143|anniversary|emotion|heart|ily|kisses|valentine|xoxo	Herz mit Schleife	Herz|Hochzeitstag|Jahrestag|Küsschen|Küsse|Liebe|Valentinstag|xoxo
💖	e	sparkling heart	143|emotion|excited|good|ily|kisses|night|xoxo	funkelndes Herz	Aufregung|Gefühl|glitzern|Liebe|Morgen|Nacht|rosa|xoxo
💗	e	growing heart	143|emotion|excited|ily|kisses|nervous|pulse|xoxo	wachsendes Herz	Gefühl|Herzschlag|Küsschen|Küsse|Liebe|nervös|Puls|xoxo
💓	e	beating heart	143|cardio|emotion|heartbeat|ily|love|pulsating|pulse	schlagendes Herz	Gefühl|Herz|Herzschlag|Liebe|Puls|pulsieren|schlagen
💞	e	revolving hearts	143|adorbs|anniversary|emotion|heart|hearts|revolving	kreisende Herzen	Emotion|Gefühl|Herz|Herzen|Hochzeitstag|Jahrestag|Liebe|süß
💕	e	two hearts	143|anniversary|date|dating|emotion|ily|love|xoxo	zwei Herzen	Date|Gefühl|Hochzeitstag|Jahrestag|Küsschen|Küsse|Liebe|xoxo
💟	e	heart decoration	143|decoration|emotion|heart|hearth|purple|white	Herzdekoration	Deko|Emotion|Gefühl|Herz|Liebe|lila|violett|weiß
❣️	e	heart exclamation	exclamation|heart|heavy|mark|punctuation	Herz als Ausrufezeichen	Ausrufezeichen|Herz|Satzzeichen
💔	e	broken heart	break|broken|crushed|emotion|heart|heartbroken|lonely|sad	gebrochenes Herz	allein|Gefühl|Herzschmerz|Liebeskummer|Schmerz|traurig|Trennung|zerbrochen
❤️‍🔥	e	heart on fire	burn|fire|heart|love|lust|sacred	Herz in Flammen	brennendes Herz|Leidenschaft|Liebe
❤️‍🩹	e	mending heart	healthier|heart|improving|mending|recovering|recuperating|well	Herz mit Verband	Besserung|genesen
❤️	e	red heart	emotion|heart|love|red	rotes Herz	Herz
🩷	e	pink heart	143|cute|emotion|ily|like|love|special|sweet	pinkes Herz	gefallen|gefällt|Gefühl|Liebe|mag|rosa|süß|verliebt
🧡	e	orange heart	143|heart|orange	oranges Herz	Herz|Liebe|orange
💛	e	yellow heart	143|cardiac|emotion|heart|ily|love|yellow	gelbes Herz	Gefühl|gelb|Herz|herzlich|Liebe
💚	e	green heart	143|emotion|green|heart|ily|love|romantic	grünes Herz	Gefühl|grün|Herz|Liebe|romantisch
💙	e	blue heart	143|blue|emotion|heart|ily|love|romance	blaues Herz	blau|Gefühl|Herz|Liebe|romantisch
🩵	e	light blue heart	143|cute|cyan|emotion|ily|like|love|special	hellblaues Herz	Emotion|gefallen|gefällt|Gefühl|hdl|Liebe|mag|süß
💜	e	purple heart	143|bestest|emotion|heart|ily|love|purple	lila Herz	beste|Gefühl|hdl|Herz|Liebe|lila|lilafarben|violett
🤎	e	brown heart	143|brown|heart	braunes Herz	braun|Herz
🖤	e	black heart	black|evil|heart|wicked	schwarzes Herz	böse|Herz|schwarz
🩶	e	grey heart	143|emotion|gray|ily|love|silver|slate|special	graues Herz	Emotion|grau|hdl|Herz|Liebe|schieferfarben|silber|silberfarben
🤍	e	white heart	143|heart|white	weißes Herz	Herz|weiß
💋	e	kiss mark	dating|emotion|heart|kissing|lips|mark|romance|sexy	Kussabdruck	Gefühl|Knutsch|küssen|Liebe|Lippen|Lippenstift|romantisch|sexy
💯	e	hundred points	100|a+|agree|clearly|fleek|full|keep|score	100 Punkte	100|Punktestand|volle Punktzahl
💢	e	anger symbol	anger|angry|comic|mad|symbol|upset	Ärger	Comic|Wut
💥	e	collision	bomb|boom|collide|comic|explode	Zusammenstoß	Bombe|Boom|Comic|explodieren|Explosion|kollidieren|Kollision|zusammenstoßen
💫	e	dizzy	comic|shining|shooting|star|stars	schwindlig	benommen|Benommenheit|Comic|Komet|Stern|Sterne|Sternschnuppe
💦	e	sweat droplets	comic|drip|drops|splashing|squirt|water|work|workout	Schweißtropfen	Comic|feucht|nass|schwitzen|trainieren|Training|Tropfen|Wasser
💨	e	dashing away	cloud|comic|fart|fast|go|gone|running|smoke	Staubwolke	Comic|rennen|weglaufen
🕳️	e	hole		Loch	schwarz
💬	e	speech balloon	bubble|comic|dialog|message|sms|talk|text|typing	Sprechblase mit drei Punkten	Comic|Dialog|Gespräch|Sprechblase|Unterhaltung
👁️‍🗨️	e	eye in speech bubble	balloon|bubble|eye|speech|witness	Auge in Sprechblase	Auge|Dialog|reden|Sprechblase|sprechen|Zeuge
🗨️	e	left speech bubble	balloon|bubble|dialog|left|speech	Sprechblase links	Dialog|reden|sprechen|Unterhaltung
🗯️	e	right anger bubble	anger|angry|balloon|bubble|mad|right	Sprechblase für wütende Aussage rechts	Sprechblase|wütend
💭	e	thought balloon	bubble|cartoon|cloud|comic|daydream|decisions|dream|idea	Gedankenblase	Comic|Nachdenken
💤	e	ZZZ	comic|good|goodnight|night|sleep|sleeping|sleepy|tired	Schlafen	Buchstaben|Comic|gähn|langweilig|müde|Nickerchen|öde|ZZZ
👋	e	waving hand	bye|cya|g2g|greetings|hello|ttyl|wave|you	winkende Hand	auf Wiedersehen|bis später|ciao|guten Tag|hallo|hey|hi|tschüss
🤚	e	raised back of hand	back|backhand|hand|raised	erhobene Hand von hinten	erhoben|erhobener Handrücken|Hand
🖐️	e	hand with fingers splayed	finger|fingers|hand|raised|splayed|stop	Hand mit gespreizten Fingern	5|Finger|fünf|gespreizt|Hand
✋	e	raised hand	5|five|hand|high|raised|stop	erhobene Hand	5|halt|Hand|Handfläche|high five|schlag ein|Stopp|warte
🖖	e	vulcan salute	finger|hand|hands|salute|Vulcan	vulkanischer Gruß	Finger|Gruß|grüßen|Hand|Hände|spreizen
🫱	e	rightwards hand	hand|handshake|hold|reach|right|rightward|rightwards|shake	nach rechts weisende Hand	ausgestreckt|ausstrecken|Hand|Hände|Händeschütteln|rechts|reichen|schütteln
🫲	e	leftwards hand	hand|handshake|hold|left|leftward|leftwards|reach|shake	nach links weisende Hand	ausgestreckt|ausstrecken|Hand|Hände|Händeschütteln|links|reichen|schütteln
🫳	e	palm down hand	dismiss|down|drop|dropped|hand|pick|shoo|up	Hand mit Handfläche nach unten	abweisen|fallen lassen|fallenlassen|Handgeste|hau ab|verscheuchen|wegscheuchen|wegschicken
🫴	e	palm up hand	beckon|catch|come|hold|know|lift|me|offer	Hand mit Handfläche nach oben	anbieten|Angebot|darbieten|einladen|entgegenstrecken|Handgeste|kommen|reichen
🫷	e	leftwards pushing hand	block|five|halt|high|hold|pause|refuse|stop	nach links schiebende Hand	drücken|Halt|High 5|High five|Moment|nein|Schluss|Stopp
🫸	e	rightwards pushing hand	block|five|halt|high|hold|pause|refuse|stop	nach rechts schiebende Hand	drücken|Halt|High 5|High five|Moment|nein|Schluss|Stopp
👌	e	OK hand	awesome|bet|fleek|okay|rad|sure|sweet|three	OK-Zeichen	exzellent|Finger|genial|Hand|in Ordnung|natürlich|perfekt|super
🤌	e	pinched fingers	gesture|hand|hold|relax|sarcastic|ugh|what|zip	zusammengedrückte Finger	Bündelhand|Fingerspitzen|gehts noch|Geste|Hand|Handgeste|italienisch|zusammengelegt
🤏	e	pinching hand	amount|bit|fingers|hand|little|pinching|small|sort	Wenig-Geste	Betrag|Finger|gering|Hand|klein|Menge|unbedeutend|winzig
✌️	e	victory hand	hand|peace|v|victory	Victory-Geste	Sieg|V|Victory
🤞	e	crossed fingers	cross|crossed|finger|fingers|hand|luck	Hand mit gekreuzten Fingern	Finger|gekreuzt|Hand
🫰	e	hand with index finger and thumb crossed	<3|expensive|finger|hand|heart|love|money|snap	Hand mit gekreuztem Zeigefinger und Daumen	Finger|Fingerherz|Geld|Hand|Handgeste|Kosten|teuer|Zeigefinger
🤟	e	love-you gesture	fingers|gesture|hand|ILY|love|love-you|three|you	Ich-liebe-dich-Geste	drei|Finger|Geste|Hand|hdl|Liebe
🤘	e	sign of the horns	finger|hand|horns|rock-on|sign	Teufelsgruß	corna|Finger|Hand|Heavy|Hörner|Mano cornuta|Metal|Rock
🤙	e	call me hand	call|hand|hang|loose|me|Shaka	Ruf-mich-an-Handzeichen	Anruf|anrufen|Hand|ruf|Shaka
👈	e	backhand index pointing left	backhand|finger|hand|index|left|point|pointing	nach links weisender Zeigefinger	Finger|Handrückseite|links|weisen|Zeigefinger|zeigen
👉	e	backhand index pointing right	backhand|finger|hand|index|point|pointing|right	nach rechts weisender Zeigefinger	Finger|Handrückseite|rechts|weisen|Zeigefinger|zeigen
👆	e	backhand index pointing up	backhand|finger|hand|index|point|pointing|up	nach oben weisender Zeigefinger von hinten	aufwärts|Finger|Handrücken|Handrückseite|hier|hinauf|melden|zeigen
🖕	e	middle finger	finger|hand|middle	Mittelfinger	Finger|Hand
👇	e	backhand index pointing down	backhand|down|finger|hand|index|point|pointing	nach unten weisender Zeigefinger	abwärts|Finger|Handrücken|Handrückseite|hinab|hinunter|runter|zeigen
☝️	e	index pointing up	finger|hand|index|point|pointing|this|up	nach oben weisender Zeigefinger von vorne	Finger|Hand|Handvorderseite|hier|melden|weisen|Zeigefinger|zeigen
🫵	e	index pointing at the viewer	at|finger|hand|index|pointing|poke|viewer|you	auf Betrachter zeigender Zeigefinger	deuten|du|Finger|Fingerzeig|Hand|Handgeste|Sie|stupsen
👍	e	thumbs up	+1|good|hand|like|thumb|up|yes	Daumen hoch	Finger|gut|Hand|in Ordnung|jawohl|nach oben|ok|super
👎	e	thumbs down	-1|bad|dislike|down|good|hand|no|nope	Daumen runter	Daumen|Hand|nach unten|schlecht
✊	e	raised fist	clenched|fist|hand|punch|raised|solidarity	erhobene Faust	erhoben|Faust|Hand|Kampf|Solidarität
👊	e	oncoming fist	agree|boom|bro|clenched|hand|pound|punch|rock	geballte Faust	absolut|Bro|Faust|geballt|Hand|korrekt|zustimmen
🤛	e	left-facing fist	fist|left-facing|leftwards	Faust nach links	Faust|Hand|nach links
🤜	e	right-facing fist	fist|right-facing|rightwards	Faust nach rechts	Faust|Hand|nach rechts
👏	e	clapping hands	awesome|congratulations|excited|good|homie|job|nice|well	klatschende Hände	applaudieren|Applaus|Beifall|Gratulation|großartig|gut|Hand|toll
🙌	e	raising hands	celebration|gesture|hand|hands|hooray|praise|raised|raising	zwei erhobene Handflächen	erhoben|feiern|Geste|Hände|Handflächen|hurra|zwei
🫶	e	heart hands	<3|hands|heart|love|you	Hände, die Herz bilden	<3|Finger|Geste|Händeherz|Handgeste|Handherz|hdl|Liebe
👐	e	open hands	hand|hands|hug|jazz|open|swerve	offene Hände	Hände|Jazz|offen|umarmen|Umarmung
🤲	e	palms up together	cupped|dua|hands|pray|prayer|together|up|wish	Handflächen nach oben	beten|Gebet|Hand|Hände|nach oben|zusammen
🤝	e	handshake	agreement|deal|hand|meeting|shake	Handschlag	Hände|Händeschütteln|Vereinbarung
🙏	e	folded hands	ask|beg|bow|five|gesture|high|please|pray	zusammengelegte Handflächen	beten|betend|bitten|danke|danken|Gebet|gefaltet|grüßen
✍️	e	writing hand	hand|write|writing	schreibende Hand	Hand|schreiben|schreibend|Stift
💅	e	nail polish	bored|care|cosmetics|done|makeup|manicure|nail|whatever	Nagellack	Kosmetik|Maniküre|Nagel|Nagelpflege
🤳	e	selfie	camera|phone	Selfie	Smartphone
💪	e	flexed biceps	arm|beast|bench|bodybuilder|bro|curls|gains|strong	angespannter Bizeps	Arm|Bodybuilder|Bro|Fitnessstudio|Gewichtheben|Muskeln|stark|Training
🦾	e	mechanical arm	accessibility|arm|mechanical|prosthetic	Armprothese	Arm|Barrierefreiheit|Prothese
🦿	e	mechanical leg	accessibility|leg|mechanical|prosthetic	Beinprothese	Barrierefreiheit|Bein|Prothese
🦵	e	leg	bent|foot|kick|knee|limb	Bein	Extremität|Fuß|gebeugtes Knie|Gliedmaße|Knie|Körperteil|Treten|Tritt
🦶	e	foot	ankle|feet|kick|stomp	Fuß	Füße|Kick|Knöchel|Körperteil|stampfen|treten|Tritt
👂	e	ear	body|ears|hear|hearing|listen|listening|sound	Ohr	hören|Körperteil
🦻	e	ear with hearing aid	accessibility|aid|ear|hard|hearing	Ohr mit Hörgerät	Barrierefreiheit|gehörlos|Hilfsgerät|Hörgerät|Hörhilfe|Ohr|schwerhörig|taub
👃	e	nose	body|noses|nosey|odor|smell|smells	Nase	Körperteil|riechen
🧠	e	brain	intelligent|smart	Gehirn	Hirn|intelligent|Intelligenz|klug|schlau
🫀	e	anatomical heart	beat|cardiology|heart|heartbeat|organ|pulse|real|red	Herz (Organ)	Anatomie|Herz|Herzschlag|Körper|Körperteil|Mensch|Puls|schlagen
🫁	e	lungs	breath|breathe|exhalation|inhalation|lung|organ|respiration	Lunge	Atem|atmen|ausatmen|einatmen|Körper|Körperteil|Mensch|Organ
🦷	e	tooth	dentist|pearly|teeth|white	Zahn	perlweiß|weiß|Zahnarzt|Zahnärztin|Zähne
🦴	e	bone	bones|dog|skeleton|wishbone	Knochen	Hund|Hundeknochen|Kauknochen|Skelett
👀	e	eyes	body|face|googly|look|looking|omg|peep|see	Augen	Auge|Gesicht|gucken|schauen|sehen
👁️	e	eye	1|body|one	Auge	Blick|Körper|Körperteil|schauen|sehen
👅	e	tongue	body|lick|slurp	Zunge	ätsch|hmm|Körperteil|lecken|lecker|mmh
👄	e	mouth	beauty|body|kiss|kissing|lips|lipstick	Mund	Körperteil|Kuss|Lippen|Lippenstift
🫦	e	biting lip	anxious|fear|flirt|kiss|lipstick|nervous|sexy|worried	auf Lippe beißen	Angst|ängstlich|besorgt|flirten|Kuss|Lippenstift|Mund|Zähne
👶	e	baby	babies|children|goo|infant|newborn|pregnant|young	Baby	Gesicht|jung|Kind|Kleinkind|Locke
🧒	e	child	bright-eyed|grandchild|kid|young|younger	Kind	Enkelkind|jung|jünger|munter|strahlend
👦	e	boy	bright-eyed|child|grandson|kid|son|young|younger	Junge	Enkelsohn|Gesicht|jung|jünger|Kind|munter|Sohn|strahlend
👧	e	girl	bright-eyed|child|daughter|kid|Virgo|young|younger|zodiac	Mädchen	Enkeltochter|Gesicht|jung|jünger|Kind|munter|strahlend|Tochter
🧑	e	person	adult	Person	erwachsen|erwachsene Person|Mensch
👱	e	person: blond hair	blond|blond-haired|human|person	Person: blondes Haar	blond|blondhaarig|Gesicht|Mensch|Person
👨	e	man	adult|bro	Mann	erwachsen|Gesicht
🧔	e	person: beard	beard|bearded|person|whiskers	Person: Bart	Bart|bärtig|Person|Schnurrbart
🧔‍♂️	e	man: beard	beard|bearded|man|whiskers	Mann: Bart	Bart|Mann|Mann mit Bart
🧔‍♀️	e	woman: beard	beard|bearded|whiskers|woman	Frau: Bart	Bart|Frau|Frau mit Bart
👩	e	woman	adult|lady	Frau	erwachsen|Gesicht
👱‍♀️	e	woman: blond hair	blond|blond-haired|blonde|hair|woman	Frau: blond	blond|blonde Frau|Frau|Gesicht|Haar
👱‍♂️	e	man: blond hair	blond|blond-haired|hair|man	Mann: blond	blond|blonder Mann|Gesicht|Haar|Mann
🧓	e	older person	adult|elderly|grandparent|old|person|wise	ältere Person	alt|älter|erwachsen|Großeltern|Mensch|Person|weise
👴	e	old man	adult|bald|elderly|gramps|grandfather|grandpa|man|wise	älterer Mann	alt|erwachsen|Großeltern|Großvater|Mensch|Opa|Senior|weise
👵	e	old woman	adult|elderly|grandma|grandmother|granny|lady|wise|woman	ältere Frau	alt|erwachsen|Großeltern|Großmutter|Mensch|Oma|Seniorin|weise
🙍	e	person frowning	annoyed|disappointed|disgruntled|disturbed|frustrated|gesture|irritated|upset	missmutige Person	frustriert|Gesicht|missmutig|Person|runzeln|stirnrunzelnd|unzufrieden|verärgert
🙍‍♂️	e	man frowning	annoyed|disappointed|disgruntled|disturbed|frustrated|gesture|irritated|upset	missmutiger Mann	frustriert|Gesicht|Mann|missmutig|runzeln|stirnrunzelnd|unzufrieden|verärgert
🙍‍♀️	e	woman frowning	annoyed|disappointed|disgruntled|disturbed|frustrated|gesture|irritated|upset	missmutige Frau	Frau|frustriert|Gesicht|missmutig|runzeln|stirnrunzelnd|unzufrieden|verärgert
🙎	e	person pouting	disappointed|downtrodden|frown|grimace|scowl|sulk|upset|whine	schmollende Person	eingeschnappt|enttäuscht|jammerd|jammern|Person|schmollen|schmollend|verärgert
🙎‍♂️	e	man pouting	disappointed|downtrodden|frown|grimace|scowl|sulk|upset|whine	schmollender Mann	eingeschnappt|enttäuscht|jammerd|jammern|Mann|schmollen|schmollend|verärgert
🙎‍♀️	e	woman pouting	disappointed|downtrodden|frown|grimace|scowl|sulk|upset|whine	schmollende Frau	eingeschnappt|enttäuscht|Frau|jammerd|jammern|schmollen|schmollend|verärgert
🙅	e	person gesturing NO	forbidden|gesture|hand|NO|not|person|prohibit	Person mit überkreuzten Armen	Arme|Gesicht|NEIN|nicht|Person|überkreuzt|verbieten|verboten
🙅‍♂️	e	man gesturing NO	forbidden|gesture|hand|man|NO|not|prohibit	Mann mit überkreuzten Armen	Arme|Gesicht|Mann|NEIN|nicht|überkreuzt|verbieten|verboten
🙅‍♀️	e	woman gesturing NO	forbidden|gesture|hand|NO|not|prohibit|woman	Frau mit überkreuzten Armen	Arme|Frau|Gesicht
🙆	e	person gesturing OK	exercise|gesture|gesturing|hand|OK|omg|person	Person mit Händen auf dem Kopf	Geste|Hände|oje|OK|omg|Person|über Kopf|Übung
🙆‍♂️	e	man gesturing OK	exercise|gesture|gesturing|hand|man|OK|omg	Mann mit Händen auf dem Kopf	Geste|Hände|Mann|oje|OK|omg|über Kopf|Übung
🙆‍♀️	e	woman gesturing OK	exercise|gesture|gesturing|hand|OK|omg|woman	Frau mit Händen auf dem Kopf	Frau|Geste|Hände|oje|OK|omg|über Kopf|Übung
💁	e	person tipping hand	fetch|flick|flip|gossip|sarcasm|sarcastic|sassy|whatever	Infoschalter-Mitarbeiter(in)	abgekippt|beleidigen|Geste|Hand|klatschen|Person|Sarkasmus|sarkastisch
💁‍♂️	e	man tipping hand	fetch|flick|flip|gossip|sarcasm|sarcastic|sassy|whatever	Infoschalter-Mitarbeiter	abgekippt|beleidigen|Geste|Hand|klatschen|Mann|Sarkasmus|sarkastisch
💁‍♀️	e	woman tipping hand	fetch|flick|flip|gossip|sarcasm|sarcastic|sassy|whatever	Infoschalter-Mitarbeiterin	Auskunft|Frau|Informationen
🙋	e	person raising hand	gesture|here|know|me|person|pick|question|raise	Person mit erhobenem Arm	aufzeigen|drankommen|drannehmen|Frage|Geste|Hand|heben|hier
🙋‍♂️	e	man raising hand	gesture|here|know|man|me|pick|question|raise	Mann mit erhobenem Arm	aufzeigen|drankommen|drannehmen|Frage|Geste|Hand|heben|hier
🙋‍♀️	e	woman raising hand	gesture|here|know|me|pick|question|raise|woman	Frau mit erhobenem Arm	aufzeigen|drankommen|drannehmen|Frage|Geste|Hand|heben|hier
🧏	e	deaf person	accessibility|deaf|ear|gesture|hear|person	gehörlose Person	Barrierefreiheit|gehörlos|hören|Ohr|Person|schwerhörig|taub
🧏‍♂️	e	deaf man	accessibility|deaf|ear|gesture|hear|man	gehörloser Mann	gehörlos|Mann|taub
🧏‍♀️	e	deaf woman	accessibility|deaf|ear|gesture|hear|woman	gehörlose Frau	Frau|gehörlos|taub
🙇	e	person bowing	apology|ask|beg|favor|forgive|gesture|meditation|sorry	sich verbeugende Person	Bedauern|bitten|Demut|Entschuldigung|Geste|Kniefall|Meditation|meditieren
🙇‍♂️	e	man bowing	apology|ask|beg|favor|forgive|gesture|meditation|sorry	sich verbeugender Mann	Demut|Mann|verbeugen
🙇‍♀️	e	woman bowing	apology|ask|beg|favor|forgive|gesture|meditation|sorry	sich verbeugende Frau	Bedauern|bitten|Demut|Entschuldigung|Geste|Kniefall|Meditation|meditieren
🤦	e	person facepalming	again|disbelief|no|not|oh|omg|shock|smh	sich an den Kopf fassende Person	frustriert|genervt|Gesicht|oh nein|OMG|unfassbar|unglaublich|verzweifelt
🤦‍♂️	e	man facepalming	again|disbelief|no|not|oh|omg|shock|smh	sich an den Kopf fassender Mann	frustriert|genervt|Gesicht|oh nein|OMG|unfassbar|unglaublich|verzweifelt
🤦‍♀️	e	woman facepalming	again|disbelief|no|not|oh|omg|shock|smh	sich an den Kopf fassende Frau	frustriert|genervt|Gesicht|oh nein|OMG|unfassbar|unglaublich|verzweifelt
🤷	e	person shrugging	doubt|dunno|guess|idk|ignorance|indifference|knows|whatever	schulterzuckende Person	egal|gleichgültig|keine Ahnung|Person|Schultern zucken|schulterzuckend|weiß nicht|Zweifel
🤷‍♂️	e	man shrugging	doubt|dunno|guess|idk|ignorance|indifference|knows|whatever	schulterzuckender Mann	egal|gleichgültig|keine Ahnung|Mann|Schultern zucken|schulterzuckend|weiß nicht|Zweifel
🤷‍♀️	e	woman shrugging	doubt|dunno|guess|idk|ignorance|indifference|knows|whatever	schulterzuckende Frau	egal|Frau|gleichgültig|keine Ahnung|Schultern zucken|schulterzuckend|weiß nicht|Zweifel
🧑‍⚕️	e	health worker	doctor|health|healthcare|nurse|therapist|worker	Arzt/Ärztin	Arztkittel|Doktor(in)
👨‍⚕️	e	man health worker	doctor|health|healthcare|man|nurse|therapist|worker	Arzt	Arztkittel|Doktor|Krankenpfleger|Pfleger
👩‍⚕️	e	woman health worker	doctor|health|healthcare|nurse|therapist|woman|worker	Ärztin	Arztkittel|Doktor|Krankenschwester|Pflegerin
🧑‍🎓	e	student	graduate	Student(in)	Absolvent(in)|Doktorhut|Uni
👨‍🎓	e	man student	graduate|man|student	Student	Absolvent|Diplom|Doktorhut|Uni
👩‍🎓	e	woman student	graduate|student|woman	Studentin	Abschluss|Absolventin|Diplom|Doktorhut|Uni
🧑‍🏫	e	teacher	instructor|lecturer|professor	Lehrer(in)	Dozent(in)|Professor(in)
👨‍🏫	e	man teacher	instructor|lecturer|man|professor|teacher	Lehrer	Dozent|Mann|Professor|Tafel
👩‍🏫	e	woman teacher	instructor|lecturer|professor|teacher|woman	Lehrerin	Dozentin|Frau|Professorin
🧑‍⚖️	e	judge	justice|law|scales	Richter(in)	Waage
👨‍⚖️	e	man judge	judge|justice|law|man|scales	Richter	Gerechtigkeit|Mann|Recht
👩‍⚖️	e	woman judge	judge|justice|law|scales|woman	Richterin	Frau|Gerechtigkeit|Recht
🧑‍🌾	e	farmer	gardener|rancher	Bauer/Bäuerin	Farmer(in)|Gärtner(in)|Landwirt(in)
👨‍🌾	e	man farmer	farmer|gardener|man|rancher	Bauer	Ähre|Farmer|Gärtner|Landwirt|Rancher
👩‍🌾	e	woman farmer	farmer|gardener|rancher|woman	Bäuerin	Ähre|Farmerin|Gärtnerin|Landwirtin
🧑‍🍳	e	cook	chef	Koch/Köchin	Kochen
👨‍🍳	e	man cook	chef|cook|man	Koch	Kochen|Restaurant
👩‍🍳	e	woman cook	chef|cook|woman	Köchin	kochen
🧑‍🔧	e	mechanic	electrician|plumber|tradesperson	Mechaniker(in)	Elektriker(in)|Klempner(in)
👨‍🔧	e	man mechanic	electrician|man|mechanic|plumber|tradesperson	Mechaniker	Elektriker|Handwerker|Klempner|Mann
👩‍🔧	e	woman mechanic	electrician|mechanic|plumber|tradesperson|woman	Mechanikerin	Elektrikerin|Frau|Handwerkerin|Klempnerin
🧑‍🏭	e	factory worker	assembly|factory|industrial|worker	Fabrikarbeiter(in)	Arbeiter(in)|Fabrik|industriell|Montage
👨‍🏭	e	man factory worker	assembly|factory|industrial|man|worker	Fabrikarbeiter	Fabrik|Helm
👩‍🏭	e	woman factory worker	assembly|factory|industrial|woman|worker	Fabrikarbeiterin	Fabrik|Frau|Helm
🧑‍💼	e	office worker	architect|business|manager|office|white-collar|worker	Büroangestellte(r)	Architekt(in)|Business|Manager(in)|Schlips und Kragen
👨‍💼	e	man office worker	architect|business|man|manager|office|white-collar|worker	Büroangestellter	Angestellter|Büro|Manager|Mann
👩‍💼	e	woman office worker	architect|business|manager|office|white-collar|woman|worker	Büroangestellte	Angestellte|Büro|Frau|Managerin|Mangerin
🧑‍🔬	e	scientist	biologist|chemist|engineer|mathematician|physicist	Wissenschaftler(in)	Forscher(in)|Labor
👨‍🔬	e	man scientist	biologist|chemist|engineer|man|mathematician|physicist|scientist	Wissenschaftler	Chemie|Forscher|Labor
👩‍🔬	e	woman scientist	biologist|chemist|engineer|mathematician|physicist|scientist|woman	Wissenschaftlerin	Forscherin|Frau|Labor
🧑‍💻	e	technologist	coder|computer|developer|inventor|software	IT-Experte/IT-Expertin	Bildschirm|Computer|Entwickler(in)
👨‍💻	e	man technologist	coder|computer|developer|inventor|man|software|technologist	IT-Experte	Arbeit|Bildschirm|Büro|Computer|Entwickler|Mann|Office
👩‍💻	e	woman technologist	coder|computer|developer|inventor|software|technologist|woman	IT-Expertin	Arbeit|Bildschirm|Büro|Computer|Entwickler|Frau|Laptop|Office
🧑‍🎤	e	singer	actor|entertainer|rock|rockstar|star	Sänger(in)	Entertainer(in)|Rock|Star
👨‍🎤	e	man singer	actor|entertainer|man|rock|rockstar|singer|star	Sänger	Mann|Mikrofon|Popstar|Schauspieler
👩‍🎤	e	woman singer	actor|entertainer|rock|rockstar|singer|star|woman	Sängerin	Frau|Mikrofon|Popstar|Schauspielerin
🧑‍🎨	e	artist	palette	Künstler(in)	Farbpalette|Maler(in)
👨‍🎨	e	man artist	artist|man|palette	Künstler	Farbpalette|Maler|Mann
👩‍🎨	e	woman artist	artist|palette|woman	Künstlerin	Farbpalette|Frau|Malerin
🧑‍✈️	e	pilot	plane	Pilot(in)	Flugzeug
👨‍✈️	e	man pilot	man|pilot|plane	Pilot	Flugzeug|Mann
👩‍✈️	e	woman pilot	pilot|plane|woman	Pilotin	Flieger|Flugzeug|Frau
🧑‍🚀	e	astronaut	rocket|space	Astronaut(in)	Raumfahrt|Weltraum
👨‍🚀	e	man astronaut	astronaut|man|rocket|space	Astronaut	Mann|Raumfahrt|Weltraum
👩‍🚀	e	woman astronaut	astronaut|rocket|space|woman	Astronautin	Frau|Raumfahrt|Weltraum
🧑‍🚒	e	firefighter	fire|firetruck	Feuerwehrmann/-frau	Feuerwehrhelm
👨‍🚒	e	man firefighter	fire|firefighter|firetruck|man	Feuerwehrmann	Feuerwehr|Feuerwehrhelm|Mann
👩‍🚒	e	woman firefighter	fire|firefighter|firetruck|woman	Feuerwehrfrau	Feuerwehrhelm|Frau
👮	e	police officer	apprehend|arrest|citation|cop|law|over|pulled|undercover	Polizist(in)	Beruf|festnehmen|Gesicht|Person|Polizei|Polizistin|Uniform|verhaften
👮‍♂️	e	man police officer	apprehend|arrest|citation|cop|law|over|pulled|undercover	Polizist	Mann|Polizei
👮‍♀️	e	woman police officer	apprehend|arrest|citation|cop|law|over|pulled|undercover	Polizistin	Beruf|festnehmen|Frau|Gesetzeshüterin|Person|Polizei|Uniform|verhaften
🕵️	e	detective	sleuth|spy	Detektiv(in)	Detektiv|Lupe|Sherlock|Spion
🕵️‍♂️	e	man detective	detective|man|sleuth|spy	Detektiv	Mann|Spion
🕵️‍♀️	e	woman detective	detective|sleuth|spy|woman	Detektivin	Frau|Spionage|Spionin
💂	e	guard	buckingham|helmet|london|palace	Wache	Bärenfellmütze|Buckingham Palace|Gesicht|London|Wachfrau|Wachsoldat|Wachsoldatin|Wächter
💂‍♂️	e	man guard	buckingham|guard|helmet|london|man|palace	Wachsoldat	Buckingham Palace|Wache
💂‍♀️	e	woman guard	buckingham|guard|helmet|london|palace|woman	Wachsoldatin	Buckingham|Buckingham Palace|Guard|Helm|London|Palast|Wache|Wächter
🥷	e	ninja	assassin|hidden|person|secret|sly|soldier|stealth|war	Ninja	Ausdauer|Geheimmission|Kämpfer|Killer|Krieger|Kunoichi|Person|Soldat
👷	e	construction worker	build|fix|hardhat|hat|man|person|rebuild|remodel	Bauarbeiter(in)	Arbeit|Bauarbeiterin|Beruf|Gesicht|Helm|Person|Schutzhelm|umbauen
👷‍♂️	e	man construction worker	build|fix|hardhat|hat|man|rebuild|remodel|repair	Bauarbeiter	Baustelle|Helm
👷‍♀️	e	woman construction worker	build|fix|hardhat|hat|man|rebuild|remodel|repair	Bauarbeiterin	Bauarbeiter|Baustelle|Frau|Helm|Mann
🫅	e	person with crown	crown|monarch|noble|person|regal|royal|royalty	Person mit Krone	adelig|König|Königin|königlich|königliche Hoheit|Krönung|Prinz|Prinzessin
🤴	e	prince	crown|fairy|fairytale|fantasy|king|royal|royalty|tale	Prinz	Krone
👸	e	princess	crown|fairy|fairytale|fantasy|queen|royal|royalty|tale	Prinzessin	Gesicht|Krone|Märchen
👳	e	person wearing turban	person|turban|wearing	Person mit Turban	Bart|Dreitagebart|Person|Turban
👳‍♂️	e	man wearing turban	man|turban|wearing	Mann mit Turban	Gesicht|Mann|Turban
👳‍♀️	e	woman wearing turban	turban|wearing|woman	Frau mit Turban	Frau|Gesicht|Turban
👲	e	person with skullcap	cap|Chinese|gua|guapi|hat|mao|person|pi	Mann mit chinesischem Hut	China|chinesisch|Gesicht|Hut|Kappe|Mütze|Person
🧕	e	woman with headscarf	bandana|head|headscarf|hijab|kerchief|mantilla|tichel|woman	Frau mit Kopftuch	Frau|Hidschab|Hijab|Kopftuch|Mantilla|Person|Tichel|Tuch
🤵	e	person in tuxedo	formal|person|tuxedo|wedding	Person im Smoking	Anzug|Bräutigam|formell|Mann|Person|Smoking|vornehm
🤵‍♂️	e	man in tuxedo	formal|groom|man|tuxedo|wedding	Mann im Smoking	Mann|Smoking
🤵‍♀️	e	woman in tuxedo	formal|tuxedo|wedding|woman	Frau im Smoking	Frau|Smoking
👰	e	person with veil	person|veil|wedding	Person mit Schleier	Braut|Braut mit Schleier|Gesicht|Hochzeit|Person|Schleier
👰‍♂️	e	man with veil	man|veil|wedding	Mann mit Schleier	Mann|Schleier
👰‍♀️	e	woman with veil	bride|veil|wedding|woman	Frau mit Schleier	Frau|Schleier
🤰	e	pregnant woman	pregnant|woman	schwangere Frau	Frau|schwanger
🫃	e	pregnant man	belly|bloated|full|man|overeat|pregnant	schwangerer Mann	aufgebläht|Bauch|dick|Person|schwanger|überfressen|zu viel gegessen
🫄	e	pregnant person	belly|bloated|full|overeat|person|pregnant|stuffed	schwangere Person	aufgebläht|Bauch|dick|dicker Bauch|Person|Schwangerschaft|überfressen|zu viel gegessen
🤱	e	breast-feeding	baby|breast|feeding|mom|mother|nursing|woman	Stillen	Baby|Brust|Frau|Person
👩‍🍼	e	woman feeding baby	baby|feed|mom|mother|nanny|newborn|nursing|woman	Frau, die Baby die Flasche gibt	Eltern|Flasche geben|Flasche gebende Frau|füttern|Mama|Milch|Mutter|Person
👨‍🍼	e	man feeding baby	baby|dad|father|feed|man|nanny|newborn|nursing	Mann, der Baby die Flasche gibt	Baby|Flasche geben|Flasche gebender Mann|füttern|Mann
🧑‍🍼	e	person feeding baby	baby|feed|feeding|nanny|newborn|nursing|parent	Person, die Baby die Flasche gibt	Baby|Flasche geben|Flasche gebende Person|Person
👼	e	baby angel	angel|baby|church|face|fairy|fairytale|fantasy|tale	Putte	Engel|Gesicht|Kind|Märchen
🎅	e	Santa Claus	celebration|Christmas|fairy|fantasy|holiday|merry|tale|xmas	Weihnachtsmann	Weihnachten
🤶	e	Mrs. Claus	celebration|Christmas|fairy|fantasy|holiday|merry|mother|tale	Weihnachtsfrau	Weihnachten
🧑‍🎄	e	Mx Claus	celebration|Christmas|fairy|fantasy|holiday|merry|santa|tale	Weihnachtsperson	Gesicht|Gesicht mit Hut|Person|Santa Claus|Weihnachten|Weihnachtsfrau|Weihnachtshut|Weihnachtsmann
🦸	e	superhero	good|hero|superpower	Superheld(in)	Held|Person|Superheldin|Superkraft|Superkräfte|Superman|Übermensch|Umhang
🦸‍♂️	e	man superhero	good|hero|man|superhero|superpower	Superheld	Held
🦸‍♀️	e	woman superhero	good|hero|heroine|superhero|superpower|woman	Heldin	Superheldin
🦹	e	supervillain	bad|criminal|evil|superpower|villain	Bösewicht	Bösewichtin|Krimineller|Person|Schurke|Schurkin|Superkräfte|Superschurke|Superschurkin
🦹‍♂️	e	man supervillain	bad|criminal|evil|man|superpower|supervillain|villain	männlicher Bösewicht	böse|Bösewicht
🦹‍♀️	e	woman supervillain	bad|criminal|evil|superpower|supervillain|villain|woman	weiblicher Bösewicht	böse|Bösewicht
🧙	e	mage	fantasy|magic|play|sorcerer|sorceress|sorcery|witch|wizard	Magier(in)	Hexe|Hexenmeister|Magiker|Person|Zauberer|Zauberin|zaubern|Zauberstab
🧙‍♂️	e	man mage	fantasy|magic|play|sorcerer|sorceress|sorcery|witch|wizard	Magier	Hexenmeister|Zauberer
🧙‍♀️	e	woman mage	fantasy|magic|play|sorcerer|sorceress|sorcery|witch|wizard	Magierin	Hexe|Zauberin
🧚	e	fairy	fairytale|fantasy|myth|person|pixie|tale|wings	Märchenfee	Elf|Elfe|Fantasy|Fee|Flügel|geflügelt|Person|Wesen
🧚‍♂️	e	man fairy	fairytale|fantasy|myth|person|pixie|Puck|tale|wings	männliche Fee	Oberon|Puck|Zauberer
🧚‍♀️	e	woman fairy	fairytale|fantasy|myth|person|pixie|tale|Titania|wings	Fee	Titania
🧛	e	vampire	blood|Dracula|fangs|halloween|scary|supernatural|teeth|undead	Vampir	Blutsauger|Dracula|Halloween|Person|Reißzähne|untot|Untoter|Zähne
🧛‍♂️	e	man vampire	blood|fangs|halloween|man|scary|supernatural|teeth|undead	männlicher Vampir	Dracula|Untoter
🧛‍♀️	e	woman vampire	blood|fangs|halloween|scary|supernatural|teeth|undead|woman	weiblicher Vampir	Untoter
🧜	e	merperson	creature|fairytale|folklore|ocean|sea|siren|trident	Wassermensch	Märchen|Meerjungfrau|Meermann|Nixe|Person|Sirene|Wasserfrau|Wassermann
🧜‍♂️	e	merman	creature|fairytale|folklore|ocean|Poseidon|sea|siren|trident	Wassermann	Triton
🧜‍♀️	e	mermaid	creature|fairytale|folklore|merwoman|ocean|sea|siren|trident	Meerjungfrau	Nixe|Wasserfrau
🧝	e	elf	elves|enchantment|fantasy|folklore|magic|magical|myth	Elf(e)	Elbe|Elben|Elbin|Elfe|Fantasy|Magie|magisch|Person
🧝‍♂️	e	man elf	elves|enchantment|fantasy|folklore|magic|magical|man|myth	Elf	Alb|Elbe|magisch
🧝‍♀️	e	woman elf	elves|enchantment|fantasy|folklore|magic|magical|myth|woman	Elfe	Elbin|magisch
🧞	e	genie	djinn|fantasy|jinn|lamp|myth|rub|wishes	Flaschengeist	Aladdin|Aladin|Dschinn|Lampe|Person|Wunderlampe|Wünsche
🧞‍♂️	e	man genie	djinn|fantasy|jinn|lamp|man|myth|rub|wishes	männlicher Flaschengeist	Dschinn
🧞‍♀️	e	woman genie	djinn|fantasy|jinn|lamp|myth|rub|wishes|woman	weiblicher Flaschengeist	Dschinn
🧟	e	zombie	apocalypse|dead|halloween|horror|scary|undead|walking	Zombie	Apokalypse|Halloween|Horror|Person|untot|Untoter|Walking Dead|wandelnder Toter
🧟‍♂️	e	man zombie	apocalypse|dead|halloween|horror|man|scary|undead|walking	männlicher Zombie	Untoter|wandelnder Toter
🧟‍♀️	e	woman zombie	apocalypse|dead|halloween|horror|scary|undead|walking|woman	weiblicher Zombie	Untote|wandelnde Tote
🧌	e	troll	fairy|fantasy|monster|tale|trolling	Troll	Fantasy|gruslig|Kobold|Märchen|Monster|Ork|Ungeheuer
💆	e	person getting massage	face|headache|relax|relaxing|salon|soothe|spa|tension	Person, die eine Kopfmassage bekommt	Behandlung|entspannen|Kopfschmerzen|Massage|Migräne|Salon|Spa|Therapie
💆‍♂️	e	man getting massage	face|headache|relax|relaxing|salon|soothe|spa|tension	Mann, der eine Kopfmassage bekommt	der eine Kopfmassage bekommt|entspannen|Kopfmassage|Kopfschmerzen|Mann|Massage|Salon
💆‍♀️	e	woman getting massage	face|headache|relax|relaxing|salon|soothe|spa|tension	Frau, die eine Kopfmassage bekommt	Behandlung|entspannen|Gesicht|Kopfschmerzen|Massage|relaxen|Salon|Spa
💇	e	person getting haircut	barber|beauty|chop|cosmetology|cut|groom|parlor|style	Person beim Haareschneiden	Friseur|Friseurin|Friseuse|Frisör|Frisörin|Frisur|Haarschnitt|Schere
💇‍♂️	e	man getting haircut	barber|beauty|chop|cosmetology|cut|groom|person|style	Mann beim Haareschneiden	Friseur|Frisur|Haarschnitt|Mann|Salon|Schere
💇‍♀️	e	woman getting haircut	barber|beauty|chop|cosmetology|cut|groom|person|style	Frau beim Haareschneiden	Frau|Friseur|Haarschnitt|Schere
🚶	e	person walking	amble|gait|hike|man|pace|pedestrian|stride|stroll	Fußgänger(in)	Fußgänger|Fußgängerin|gehen|gehend|Person|schlendern|schlurfen|wandern
🚶‍♂️	e	man walking	amble|gait|hike|man|pace|pedestrian|stride|stroll	Fußgänger	gehen|Mann|Spaziergang
🚶‍♀️	e	woman walking	amble|gait|hike|man|pace|pedestrian|stride|stroll	Fußgängerin	Frau|gehen|Schlendern|Spazieren|Spaziergang
🚶‍➡️	e	person walking: facing right	amble|gait|hike|man|pace|pedestrian|stride|stroll	Fußgänger(in): nach rechts	Fußgängerin|gehen|gehend|Person|rechts|schlendern|schlurfen|wandern
🚶‍♀️‍➡️	e	woman walking: facing right	amble|gait|hike|man|pace|pedestrian|stride|stroll	Fußgängerin: nach rechts	Frau|Fußgängerin|gehen|nach|rechts|Schlendern|Spazieren|Spaziergang
🚶‍♂️‍➡️	e	man walking: facing right	amble|gait|hike|man|pace|pedestrian|stride|stroll	Fußgänger: nach rechts	Fußgänger|gehen|Mann|nach|rechts|Spaziergang
🧍	e	person standing	person|stand|standing	stehende Person	Mensch|Person|Stand|stehen
🧍‍♂️	e	man standing	man|stand|standing	stehender Mann	Mann|stehen
🧍‍♀️	e	woman standing	stand|standing|woman	stehende Frau	Frau|stehen
🧎	e	person kneeling	kneel|kneeling|knees|person	kniende Person	Fersensitz|kniend|Meditation|meditieren|Mensch|Person|Seiza|Zazen
🧎‍♂️	e	man kneeling	kneel|kneeling|knees|man	kniender Mann	kniend|Mann
🧎‍♀️	e	woman kneeling	kneel|kneeling|knees|woman	kniende Frau	Frau|kniend
🧎‍➡️	e	person kneeling: facing right	facing|kneel|kneeling|knees|person|right	kniende Person: nach rechts	Fersensitz|Meditation|meditieren|Mensch|Person|rechts|Seiza|Zazen
🧎‍♀️‍➡️	e	woman kneeling: facing right	facing|kneel|kneeling|knees|right|woman	kniende Frau: nach rechts	Frau|kniend|kniende Frau|nach|rechts
🧎‍♂️‍➡️	e	man kneeling: facing right	facing|kneel|kneeling|knees|man|right	kniender Mann: nach rechts	kniend|kniender Mann|Mann|nach|rechts
🧑‍🦯	e	person with white cane	accessibility|blind|cane|person|probing|white	Person mit Langstock	Barrierefreiheit|blind|Person mit Blindenstock
🧑‍🦯‍➡️	e	person with white cane: facing right	accessibility|blind|cane|facing|person|probing|right|white	Person mit Langstock: nach rechts	Barrierefreiheit|blind|nach|Person mit Blindenstock|Person mit Langstock|rechts
👨‍🦯	e	man with white cane	accessibility|blind|cane|man|probing|white	Mann mit Langstock	Barrierefreiheit|Behinderung|blind|Mann mit Blindenstock|Mann mit Gehstock|Mensch|Person|sehbehindert
👨‍🦯‍➡️	e	man with white cane: facing right	accessibility|blind|cane|facing|man|probing|right|white	Mann mit Langstock: nach rechts	Barrierefreiheit|Behinderung|blind|Mann mit Blindenstock|Mann mit Gehstock|Mensch|Person|sehbehindert
👩‍🦯	e	woman with white cane	accessibility|blind|cane|probing|white|woman	Frau mit Langstock	Barrierefreiheit|Behinderung|blind|Frau|Frau mit Blindenstock|Frau mit Gehstock|Mensch|Person
👩‍🦯‍➡️	e	woman with white cane: facing right	accessibility|blind|cane|facing|probing|right|white|woman	Frau mit Langstock: nach rechts	Barrierefreiheit|Behinderung|blind|Frau|Frau mit Blindenstock|Frau mit Gehstock|Mensch|Person
🧑‍🦼	e	person in motorized wheelchair	accessibility|motorized|person|wheelchair	Person in elektrischem Rollstuhl	Barrierefreiheit|Rollstuhl
🧑‍🦼‍➡️	e	person in motorized wheelchair: facing right	accessibility|facing|motorized|person|right|wheelchair	Person in elektrischem Rollstuhl: nach rechts	Barrierefreiheit|nach|Person in elektrischem Rollstuhl|rechts|Rollstuhl
👨‍🦼	e	man in motorized wheelchair	accessibility|man|motorized|wheelchair	Mann in elektrischem Rollstuhl	Barrierefreiheit|Behinderung|Mann|Mann in Rollstuhl|Mensch|Person|Rollstuhl
👨‍🦼‍➡️	e	man in motorized wheelchair: facing right	accessibility|facing|man|motorized|right|wheelchair	Mann in elektrischem Rollstuhl: nach rechts	Barrierefreiheit|Behinderung|Mann|Mann in Rollstuhl|Mensch|nach|Person|rechts
👩‍🦼	e	woman in motorized wheelchair	accessibility|motorized|wheelchair|woman	Frau in elektrischem Rollstuhl	Barrierefreiheit|Behinderung|Frau|Frau in Rollstuhl|Mensch|Person|Rollstuhl
👩‍🦼‍➡️	e	woman in motorized wheelchair: facing right	accessibility|facing|motorized|right|wheelchair|woman	Frau in elektrischem Rollstuhl: nach rechts	Barrierefreiheit|Behinderung|Frau|Frau in Rollstuhl|Mensch|nach|Person|rechts
🧑‍🦽	e	person in manual wheelchair	accessibility|manual|person|wheelchair	Person in manuellem Rollstuhl	Barrierefreiheit|Rollstuhl
🧑‍🦽‍➡️	e	person in manual wheelchair: facing right	accessibility|facing|manual|person|right|wheelchair	Person in manuellem Rollstuhl: nach rechts	Barrierefreiheit|nach|Person in manuellem Rollstuhl|rechts|Rollstuhl
👨‍🦽	e	man in manual wheelchair	accessibility|man|manual|wheelchair	Mann in manuellem Rollstuhl	Barrierefreiheit|Behinderung|Mann|Mann in Rollstuhl|Mensch|Person|Rollstuhl
👨‍🦽‍➡️	e	man in manual wheelchair: facing right	accessibility|facing|man|manual|right|wheelchair	Mann in manuellem Rollstuhl: nach rechts	Barrierefreiheit|Behinderung|Mann|Mann in Rollstuhl|Mensch|nach|Person|rechts
👩‍🦽	e	woman in manual wheelchair	accessibility|manual|wheelchair|woman	Frau in manuellem Rollstuhl	Barrierefreiheit|Behinderung|Frau|Frau in Rollstuhl|Mensch|Person|Rollstuhl
👩‍🦽‍➡️	e	woman in manual wheelchair: facing right	accessibility|facing|manual|right|wheelchair|woman	Frau in manuellem Rollstuhl: nach rechts	Barrierefreiheit|Behinderung|Frau|Frau in Rollstuhl|Mensch|nach|Person|rechts
🏃	e	person running	fast|hurry|marathon|move|quick|race|racing|speed	laufende Person	eilig|joggen|Läufer|Läuferin|Marathon|rennen|schnell|Sport
🏃‍♂️	e	man running	fast|hurry|marathon|move|quick|race|racing|speed	laufender Mann	joggen|Jogger|laufen|Marathon
🏃‍♀️	e	woman running	fast|hurry|marathon|move|quick|race|racing|speed	laufende Frau	Athlet|Athletin|joggen|Joggerin|Läufer|Läuferin|Marathon|rennen
🏃‍➡️	e	person running: facing right	fast|hurry|marathon|move|quick|race|racing|speed	laufende Person: nach rechts	eilig|joggen|Läufer|Läuferin|Marathon|rennen|schnell|Sport
🏃‍♀️‍➡️	e	woman running: facing right	fast|hurry|marathon|move|quick|race|racing|speed	laufende Frau: nach rechts	Athlet|Athletin|joggen|Joggerin|Läufer|Läuferin|Marathon|rennen
🏃‍♂️‍➡️	e	man running: facing right	fast|hurry|marathon|move|quick|race|racing|speed	laufender Mann: nach rechts	joggen|Jogger|laufen|laufender Mann|Marathon|nach|rechts
💃	e	woman dancing	dance|dancer|elegant|festive|flair|flamenco|groove|salsa	tanzende Frau	elegant|festlich|Flair|Flamenco|Salsa|Schwung|Tango|Tänzerin
🕺	e	man dancing	dance|dancer|elegant|festive|flair|flamenco|groove|salsa	tanzender Mann	elegant|festlich|Flair|Flamenco|Salsa|Schwung|Tango|Tänzer
🕴️	e	person in suit levitating	business|levitating|person|suit	schwebender Mann im Anzug	Anzug|geschäftlich|Mann
👯	e	people with bunny ears	bestie|bff|counterpart|dancer|double|identical|party|partying	Personen mit Hasenohren	Bunny|Bunnys|doppelt|Leute|Party|seelenverwandt|Tanzen|Zwillinge
👯‍♂️	e	men with bunny ears	bestie|bff|counterpart|dancer|double|party|partying|people	Männer mit Hasenohren	Bunnys|Hasenohren|Männer|Party|tanzen|Zwillinge
👯‍♀️	e	women with bunny ears	bestie|bff|counterpart|dancer|double|party|partying|people	Frauen mit Hasenohren	Bunnys|Frauen|Hasenohren|Party
🧖	e	person in steamy room	day|luxurious|pamper|relax|sauna|spa|steambath|unwind	Person in Dampfsauna	abschalten|Dampfbad|entspannen|Frau|luxuriös|Relaxen|Sauna|Spa
🧖‍♂️	e	man in steamy room	day|luxurious|pamper|relax|sauna|spa|steambath|unwind	Mann in Dampfsauna	Dampfsauna|Sauna
🧖‍♀️	e	woman in steamy room	day|luxurious|pamper|relax|sauna|spa|steambath|unwind	Frau in Dampfsauna	Dampfsauna|Sauna
🧗	e	person climbing	climb|climber|climbing|mountain|person|rock|scale|up	Bergsteiger(in)	Bergsteiger|Fels|Kletterer|klettern|Person|Sport
🧗‍♂️	e	man climbing	climb|climber|climbing|man|mountain|rock|scale|up	Bergsteiger	
🧗‍♀️	e	woman climbing	climb|climber|climbing|mountain|rock|scale|up|woman	Bergsteigerin	Bergsteiger
🤺	e	person fencing	fencer|fencing|person|sword	Fechter(in)	fechten|Fechter|Schwert|Sport
🏇	e	horse racing	horse|jockey|racehorse|racing|riding|sport	Pferderennen	Jockey auf Pferd|schnell|Sport|um die Wette|wetten
⛷️	e	skier	ski|snow	Skifahrer(in)	Schnee|Ski|Skifahrer|Skifahrerin|Sport
🏂	e	snowboarder	ski|snow|snowboard|sport	Snowboarder(in)	Snowboard|Snowboarden|Snowboarder|Snowboarderin|Sport
🏌️	e	person golfing	ball|birdie|caddy|driving|green|pga|putt|range	Golfer(in)	Abschlagplatz|Golferin|Golfspieler|Golfspielerin|Person|Sport|Sportler|Sportlerin
🏌️‍♂️	e	man golfing	ball|birdie|caddy|driving|green|pga|putt|range	Golfer	Golf|golfen|Golfspieler|Mann
🏌️‍♀️	e	woman golfing	ball|birdie|caddy|driving|green|pga|putt|range	Golferin	Frau|Golf|golfen|Golfspielerin
🏄	e	person surfing	beach|ocean|person|sport|surf|surfer|swell|waves	Surfer(in)	Person|Sport|Surfboard|Surfbrett|Surfen|Surferin|Wassersport|Wellenreiten
🏄‍♂️	e	man surfing	beach|man|ocean|sport|surf|surfer|swell|waves	Surfer	Mann|Wellenreiten
🏄‍♀️	e	woman surfing	beach|ocean|person|sport|surf|surfer|swell|waves	Surferin	Frau|Sport|Strand|Surf|Surfbrett|Wellen|Wellenreiten
🚣	e	person rowing boat	canoe|cruise|fishing|lake|oar|paddle|raft|river	Person im Ruderboot	Angeln|Boot|Kanu|Paddel|Person|Ruderboot|Rudern|Sport
🚣‍♂️	e	man rowing boat	canoe|cruise|fishing|lake|oar|paddle|raft|river	Mann im Ruderboot	Boot|Mann|rudern
🚣‍♀️	e	woman rowing boat	canoe|cruise|fishing|lake|oar|paddle|raft|river	Frau im Ruderboot	Boot|Bootfahrerin|Frau|Ruder|Ruderin|rudern|See
🏊	e	person swimming	freestyle|person|sport|swim|swimmer|swimming|triathlon	Schwimmer(in)	Kraulen|Person|Pool|Schwimmbecken|Schwimmen|Schwimmerin|Sport|Wasser
🏊‍♂️	e	man swimming	freestyle|man|sport|swim|swimmer|swimming|triathlon	Schwimmer	kraulen|Pool|Schwimmbad|schwimmen
🏊‍♀️	e	woman swimming	freestyle|man|sport|swim|swimmer|swimming|triathlon	Schwimmerin	Frau|kraulen|Pool|Schwimmbad|schwimmen|Sport
⛹️	e	person bouncing ball	athletic|basketball|championship|dribble|net|person|player|throw	Person mit Ball	Basketball|Basketballer|Basketballspieler|Basketballspielerin|Dribbeln|Sport|Sportler|Sportlerin
⛹️‍♂️	e	man bouncing ball	athletic|basketball|championship|dribble|man|net|player|throw	Mann mit Ball	Ballsport|Handball|Mann
⛹️‍♀️	e	woman bouncing ball	athletic|basketball|championship|dribble|net|player|throw|woman	Frau mit Ball	Ball|Ballsport|Basketball|Basketballspieler|Frau|Handball|Sport
🏋️	e	person lifting weights	barbell|bodybuilder|deadlift|lifter|person|powerlifting|weightlifter|workout	Gewichtheber(in)	Gewichtheberin|Hantel|Muskeln|Person|schwer|Sport|stark|Training
🏋️‍♂️	e	man lifting weights	barbell|bodybuilder|deadlift|lifter|man|powerlifting|weightlifter|workout	Gewichtheber	Gewicht heben|Mann
🏋️‍♀️	e	woman lifting weights	barbell|bodybuilder|deadlift|lifter|powerlifting|weightlifter|woman|workout	Gewichtheberin	Frau|Gewicht heben|Gewichte heben|Gewichteheberin
🚴	e	person biking	bicycle|bicyclist|bike|cycle|cyclist|person|riding|sport	Radfahrer(in)	Fahrrad|Person|Rad|radeln|Radfahren|Radfahrerin|Sport|Tour de France
🚴‍♂️	e	man biking	bicycle|bicyclist|bike|cycle|cyclist|man|riding|sport	Radfahrer	Fahrrad|Mann|Rad
🚴‍♀️	e	woman biking	bicycle|bicyclist|bike|cycle|cyclist|riding|sport|woman	Radfahrerin	Fahrrad|Fahrradfahrerin|Frau|Frauen|Rad|Radeln|Radlerin
🚵	e	person mountain biking	bicycle|bicyclist|bike|cycle|cyclist|person|riding|sport	Mountainbiker(in)	Fahrrad|Mountainbikerin|Person|Rad|Radfahren|Radfahrer|Radfahrerin|Sport
🚵‍♂️	e	man mountain biking	bicycle|bicyclist|bike|cycle|cyclist|man|riding|sport	Mountainbiker	Fahrrad|Mann|Mountainbike|Rad
🚵‍♀️	e	woman mountain biking	bicycle|bicyclist|bike|cycle|cyclist|riding|sport|woman	Mountainbikerin	Fahrrad|Fahrradfahrerin|Frau|Mountain Bike|Rad|radeln|Radfahrerin|Sport
🤸	e	person cartwheeling	active|cartwheel|excited|flip|gymnastics|happy|person|somersault	Rad schlagende Person	Akrobatik|Bodenturnen|Gymnastik|Person|Radschlag|Sport|Turner|Turnerin
🤸‍♂️	e	man cartwheeling	active|cartwheel|excited|flip|gymnastics|happy|man|somersault	Rad schlagender Mann	Akrobatik|Bodenturnen|Gymnastik|Mann|Person|Radschlag|Sport|Turner
🤸‍♀️	e	woman cartwheeling	active|cartwheel|excited|flip|gymnastics|happy|somersault|woman	Rad schlagende Frau	Akrobatik|Bodenturnen|Frau|Gymnastik|Person|Radschlag|Sport|Turnerin
🤼	e	people wrestling	combat|duel|grapple|people|ring|tournament|wrestle|wrestling	Ringer(in)	Catchen|Catcher|Person|ringen|Ringkampf|Sport|Sportler|Wrestling
🤼‍♂️	e	men wrestling	combat|duel|grapple|men|ring|tournament|wrestle|wrestling	ringende Männer	Catchen|Catcher|Männer|Ringer|Ringkampf|Sport|Wrestler|Wrestling
🤼‍♀️	e	women wrestling	combat|duel|grapple|ring|tournament|women|wrestle|wrestling	ringende Frauen	catchen|Catcherin|Person|Ringer|Ringerin|Ringkampf|Sport|Wrestling
🤽	e	person playing water polo	person|playing|polo|sport|swimming|water|waterpolo	Wasserballspieler(in)	Person|Schwimmsport|Sport|Sportler|Sportlerin|Wasser|Wasserballspielerin|Wassersport
🤽‍♂️	e	man playing water polo	man|playing|polo|sport|swimming|water|waterpolo	Wasserballspieler	Mann|Person|Schwimmsport|Sport|Sportler|Wasser|Wasserball|Wassersport
🤽‍♀️	e	woman playing water polo	playing|polo|sport|swimming|water|waterpolo|woman	Wasserballspielerin	Ballspiele|Frau|Person|Schwimmsport|Sport|Sportlerin|Wasser|Wassersport
🤾	e	person playing handball	athletics|ball|catch|chuck|hurl|lob|sport|throw	Handballspieler(in)	Handballer|Handballerin|Handballspielerin|Person|schleudern|Sport|Sportler|werfen
🤾‍♂️	e	man playing handball	athletics|ball|catch|chuck|hurl|lob|sport|throw	Handballspieler	Handball|Mann|Sport
🤾‍♀️	e	woman playing handball	athletics|ball|catch|chuck|hurl|lob|sport|throw	Handballspielerin	Frau|Handball|Handballerin|Person|schleudern|Sport|Sportlerin|werfen
🤹	e	person juggling	act|balance|balancing|handle|juggle|manage|multitask|skill	Jongleur(in)	Artist|Artistin|geschickt|Jongleurin|jonglieren|Multitasking|Person|Zirkus
🤹‍♂️	e	man juggling	act|balance|balancing|handle|juggle|manage|multitask|skill	Jongleur	Artist|Entertainer|geschickt|jonglieren|Mann|Multitasking|Person|Zirkus
🤹‍♀️	e	woman juggling	act|balance|balancing|handle|juggle|manage|multitask|skill	Jongleurin	Frau|geschickt|jonglieren|multitasking
🧘	e	person in lotus position	cross|legged|legs|meditation|peace|relax|serenity|zen	Person im Lotossitz	burmesischer Sitz|Frau|Lotussitz|Meditation|Person in Lotussitz|Schneidersitz|Yoga|Zen
🧘‍♂️	e	man in lotus position	cross|legged|legs|meditation|peace|relax|serenity|zen	Mann im Lotossitz	Meditation|Yoga
🧘‍♀️	e	woman in lotus position	cross|legged|legs|meditation|peace|relax|serenity|zen	Frau im Lotossitz	Meditation|Yoga
🛀	e	person taking bath	bath|bathtub|person|taking|tub	badende Person	Bad|baden|Badewanne|Badezimmer|Dusche|entspannen
🛌	e	person in bed	good|goodnight|hotel|nap|night|sleep|tired|zzz	im Bett liegende Person	Bett|gute Nacht|Heia|müde|Nachtruhe|schlaf schön|schlafen|zzz
🧑‍🤝‍🧑	e	people holding hands	bae|bestie|bff|couple|dating|flirt|friends|twins	sich an den Händen haltende Personen	Händchen halten|Hände|Hände halten|Menschen|Paar|Pärchen|Personen
👭	e	women holding hands	bae|bestie|bff|couple|dating|flirt|friends|twins	Händchen haltende Frauen	Frauen|Händchen halten|Paar|Pärchen aus Frau und Frau
👫	e	woman and man holding hands	bae|bestie|bff|couple|dating|flirt|friends|twins	Mann und Frau halten Hände	Frau|Händchen halten|Mann|Paar|Pärchen aus Frau und Mann
👬	e	men holding hands	bae|bestie|bff|couple|dating|flirt|friends|twins	Händchen haltende Männer	Händchen halten|Männer|Paar|Pärchen aus Mann und Mann|Zwillinge
💏	e	kiss	anniversary|bae|couple|dating|heart|love|person|romance	sich küssendes Paar	Frau|Herz|Kuss|küssen|Küssendes Paar|Mann
👩‍❤️‍💋‍👨	e	kiss: woman, man	anniversary|bae|couple|dating|heart|love|person|romance	sich küssendes Paar: Frau, Mann	Frau|Herz|Kuss|küssen|Küssendes Paar|Mann|sich küssendes Paar
👨‍❤️‍💋‍👨	e	kiss: man, man	anniversary|bae|couple|dating|heart|love|person|romance	sich küssendes Paar: Mann, Mann	Frau|Herz|Kuss|küssen|Küssendes Paar|Mann|sich küssendes Paar
👩‍❤️‍💋‍👩	e	kiss: woman, woman	anniversary|bae|couple|dating|heart|love|person|romance	sich küssendes Paar: Frau, Frau	Frau|Herz|Kuss|küssen|Küssendes Paar|Mann|sich küssendes Paar
💑	e	couple with heart	anniversary|bae|dating|kiss|love|person|romance|you	Liebespaar	Frau|Herz|Liebe|Mann|Paar
👩‍❤️‍👨	e	couple with heart: woman, man	anniversary|bae|dating|kiss|love|person|romance|you	Liebespaar: Frau, Mann	Frau|Herz|Liebe|Liebespaar|Mann|Paar
👨‍❤️‍👨	e	couple with heart: man, man	anniversary|bae|dating|kiss|love|person|romance|you	Liebespaar: Mann, Mann	Frau|Herz|Liebe|Liebespaar|Mann|Paar
👩‍❤️‍👩	e	couple with heart: woman, woman	anniversary|bae|dating|kiss|love|person|romance|you	Liebespaar: Frau, Frau	Frau|Herz|Liebe|Liebespaar|Mann|Paar
👨‍👩‍👦	e	family: man, woman, boy	boy|child|family|man|woman	Familie: Mann, Frau und Junge	Familie|Frau|Junge|Kind|Mann|Mutter|Vater
👨‍👩‍👧	e	family: man, woman, girl	child|family|girl|man|woman	Familie: Mann, Frau und Mädchen	Familie|Frau|Junge|Kind|Mädchen|Mann|Mutter|Vater
👨‍👩‍👧‍👦	e	family: man, woman, girl, boy	boy|child|family|girl|man|woman	Familie: Mann, Frau, Mädchen und Junge	Familie|Frau|Junge|Kind|Mädchen|Mann|Mutter|Vater
👨‍👩‍👦‍👦	e	family: man, woman, boy, boy	boy|child|family|man|woman	Familie: Mann, Frau, Junge und Junge	Familie|Frau|Junge|Kind|Mann|Mutter|Vater
👨‍👩‍👧‍👧	e	family: man, woman, girl, girl	child|family|girl|man|woman	Familie: Mann, Frau, Mädchen und Mädchen	Familie|Frau|Junge|Kind|Mädchen|Mann|Mutter|Vater
👨‍👨‍👦	e	family: man, man, boy	boy|child|family|man	Familie: Mann, Mann und Junge	Familie|Junge|Kind|Mann|Mutter|Vater
👨‍👨‍👧	e	family: man, man, girl	child|family|girl|man	Familie: Mann, Mann und Mädchen	Familie|Junge|Kind|Mädchen|Mann|Mutter|Vater
👨‍👨‍👧‍👦	e	family: man, man, girl, boy	boy|child|family|girl|man	Familie: Mann, Mann, Mädchen und Junge	Familie|Junge|Kind|Mädchen|Mann|Mutter|Vater
👨‍👨‍👦‍👦	e	family: man, man, boy, boy	boy|child|family|man	Familie: Mann, Mann, Junge und Junge	Familie|Junge|Kind|Mann|Mutter|Vater
👨‍👨‍👧‍👧	e	family: man, man, girl, girl	child|family|girl|man	Familie: Mann, Mann, Mädchen und Mädchen	Familie|Junge|Kind|Mädchen|Mann|Mutter|Vater
👩‍👩‍👦	e	family: woman, woman, boy	boy|child|family|woman	Familie: Frau, Frau und Junge	Familie|Frau|Junge|Kind|Mutter|Vater
👩‍👩‍👧	e	family: woman, woman, girl	child|family|girl|woman	Familie: Frau, Frau und Mädchen	Familie|Frau|Junge|Kind|Mädchen|Mutter|Vater
👩‍👩‍👧‍👦	e	family: woman, woman, girl, boy	boy|child|family|girl|woman	Familie: Frau, Frau, Mädchen und Junge	Familie|Frau|Junge|Kind|Mädchen|Mutter|Vater
👩‍👩‍👦‍👦	e	family: woman, woman, boy, boy	boy|child|family|woman	Familie: Frau, Frau, Junge und Junge	Familie|Frau|Junge|Kind|Mutter|Vater
👩‍👩‍👧‍👧	e	family: woman, woman, girl, girl	child|family|girl|woman	Familie: Frau, Frau, Mädchen und Mädchen	Familie|Frau|Junge|Kind|Mädchen|Mutter|Vater
👨‍👦	e	family: man, boy	boy|child|family|man	Familie: Mann, Junge	Familie|Junge|Kind|Mann|Mutter|Vater
👨‍👦‍👦	e	family: man, boy, boy	boy|child|family|man	Familie: Mann, Junge und Junge	Familie|Junge|Kind|Mann|Mutter|Vater
👨‍👧	e	family: man, girl	child|family|girl|man	Familie: Mann, Mädchen	Familie|Junge|Kind|Mädchen|Mann|Mutter|Vater
👨‍👧‍👦	e	family: man, girl, boy	boy|child|family|girl|man	Familie: Mann, Mädchen und Junge	Familie|Junge|Kind|Mädchen|Mann|Mutter|Vater
👨‍👧‍👧	e	family: man, girl, girl	child|family|girl|man	Familie: Mann, Mädchen und Mädchen	Familie|Junge|Kind|Mädchen|Mann|Mutter|Vater
👩‍👦	e	family: woman, boy	boy|child|family|woman	Familie: Frau, Junge	Familie|Frau|Junge|Kind|Mutter|Vater
👩‍👦‍👦	e	family: woman, boy, boy	boy|child|family|woman	Familie: Frau, Junge und Junge	Familie|Frau|Junge|Kind|Mutter|Vater
👩‍👧	e	family: woman, girl	child|family|girl|woman	Familie: Frau, Mädchen	Familie|Frau|Junge|Kind|Mädchen|Mutter|Vater
👩‍👧‍👦	e	family: woman, girl, boy	boy|child|family|girl|woman	Familie: Frau, Mädchen und Junge	Familie|Frau|Junge|Kind|Mädchen|Mutter|Vater
👩‍👧‍👧	e	family: woman, girl, girl	child|family|girl|woman	Familie: Frau, Mädchen und Mädchen	Familie|Frau|Junge|Kind|Mädchen|Mutter|Vater
🗣️	e	speaking head	face|head|silhouette|speak|speaking	sprechender Kopf	Gesicht|Kopf|Silhouette|sprechen|sprechend|Sprechende Person
👤	e	bust in silhouette	bust|mysterious|shadow|silhouette	Silhouette einer Büste	Büste|Person
👥	e	busts in silhouette	bff|bust|busts|everyone|friend|friends|people|silhouette	Silhouette mehrerer Büsten	Büsten|Personen
🫂	e	people hugging	comfort|embrace|farewell|friendship|goodbye|hello|love|thanks	sich umarmende Personen	Abschied|Danke|drücken|Drücker|Hallo|Liebe|Tschüss|Umarmung
👪	e	family	child	Familie	Junge|Kind|Mutter|Vater
🧑‍🧑‍🧒	e	family: adult, adult, child	adult|child|family	Familie: 2 Erwachsene, 1 Kind	Erwachsene|Erwachsener|Familie|Kind
🧑‍🧑‍🧒‍🧒	e	family: adult, adult, child, child	adult|child|family	Familie: 2 Erwachsene, 2 Kinder	Erwachsene|Erwachsener|Familie|Kind
🧑‍🧒	e	family: adult, child	adult|child|family	Familie: 1 Erwachsene(r), 1 Kind	Erwachsene|Erwachsener|Familie|Kind
🧑‍🧒‍🧒	e	family: adult, child, child	adult|child|family	Familie: 1 Erwachsene(r), 2 Kinder	Erwachsene|Erwachsener|Familie|Kind
👣	e	footprints	barefoot|clothing|footprint|omw|print|walk	Fußabdrücke	Abdruck|auf dem Weg|Fuß|Fußabdruck
🐵	e	monkey face	animal|banana|face|monkey	Affengesicht	Affe|Banane|Dschungel|Gesicht|Tier|Zoo
🐒	e	monkey	animal|banana	Affe	Tier
🦍	e	gorilla	animal	Gorilla	Affe|Gesicht|Tier
🦧	e	orangutan	animal|ape|monkey	Orang-Utan	Affe|Tier
🐶	e	dog face	adorbs|animal|dog|face|pet|puppies|puppy	Hundegesicht	Gesicht|Hund|Tier|treu|Wau|wuff
🐕	e	dog	animal|animals|dogs|pet	Hund	Haustier|Tier|wau|wuff
🦮	e	guide dog	accessibility|animal|blind|dog|guide	Blindenhund	Barrierefreiheit|Behinderung|blind|Hund|sehbehindert|Tier
🐕‍🦺	e	service dog	accessibility|animal|assistance|dog|service	Assistenzhund	Assistenz|Barrierefreiheit|Behinderung|Hund|Tier
🐩	e	poodle	animal|dog|fluffy	Pudel	Hund|Tier
🐺	e	wolf	animal|face	Wolf	Gesicht|Tier|Wolfsgesicht
🦊	e	fox	animal|face	Fuchs	Fuchsgesicht|Gesicht|Tier
🦝	e	raccoon	animal|curious|sly	Waschbär	klug|neugierig|schlau|Tier
🐱	e	cat face	animal|cat|face|kitten|kitty|pet	Katzengesicht	Gesicht|Katze|Miau|Miez|Miezekatze|Tier
🐈	e	cat	animal|animals|cats|kitten|pet	Katze	Haustier|miau|Tier
🐈‍⬛	e	black cat	animal|black|cat|feline|halloween|meow|unlucky	schwarze Katze	Kater|Katze|miau|Pech|schwarz|schwarzer Kater|Tier|Unglück
🦁	e	lion	alpha|animal|face|Leo|mane|order|strong|zodiac	Löwe	Gesicht|Löwengesicht|Sternzeichen|Tier|Tierkreis
🐯	e	tiger face	animal|big|cat|face|predator|tiger	Tigergesicht	Gesicht|Raubkatze|Tier|Tiger
🐅	e	tiger	animal|big|cat|predator|zoo	Tiger	Tier
🐆	e	leopard	animal|big|cat|predator|zoo	Leopard	gepunktet|Punkte|Raubkatze|Raubtier|Tier|Zoo
🐴	e	horse face	animal|dressage|equine|face|farm|horse|horses	Pferdegesicht	Gesicht|Pferd|Pferdekopf|Tier
🫎	e	moose	alces|animal|antlers|elk|mammal	Elch	Geweih|Säugetier|Tier
🫏	e	donkey	animal|ass|burro|hinny|mammal|mule|stubborn	Esel	austreten|Dickschädel|Dummkopf|Maultier|Säugetier|störrisch|stur|Tier
🐎	e	horse	animal|equestrian|farm|racehorse|racing	Pferd	Rennen|Rennpferd|Tier
🦄	e	unicorn	face	Einhorn	Einhorngesicht|Gesicht
🦓	e	zebra	animal|stripe	Zebra	streifen|tier
🦌	e	deer	animal	Hirsch	Gesicht|Tier
🦬	e	bison	animal|buffalo|herd|wisent	Bison	Büffel|Herde|Ochse|Tier|Wisent
🐮	e	cow face	animal|cow|face|farm|milk|moo	Kuhgesicht	Gesicht|Kuh|Tier
🐂	e	ox	animal|animals|bull|farm|Taurus|zodiac	Ochse	Kuh|Sternzeichen|Stier|Tier|Tierkreis
🐃	e	water buffalo	animal|buffalo|water|zoo	Wasserbüffel	Büffel|Tier|Wasser
🐄	e	cow	animal|animals|farm|milk|moo	Kuh	Bauernhof|muh|Tier
🐷	e	pig face	animal|bacon|face|farm|pig|pork	Schweinegesicht	Gesicht|Schwein|Tier
🐖	e	pig	animal|bacon|farm|pork|sow	Schwein	Bauernhof|Sau|Tier
🐗	e	boar	animal|pig	Wildschwein	Eber|Schwein|Tier
🐽	e	pig nose	animal|face|farm|nose|pig|smell|snout	Schweinerüssel	Nase|Schwein|Tier
🐏	e	ram	animal|Aries|horns|male|sheep|zodiac|zoo	Widder	Schaf|Sternzeichen|Tierkreis
🐑	e	ewe	animal|baa|farm|female|fluffy|lamb|sheep|wool	Schaf	Bock|mäh|Tier|Widder|Wolle
🐐	e	goat	animal|Capricorn|farm|milk|zodiac	Ziege	Steinbock|Sternzeichen|Tier|Tierkreis
🐪	e	camel	animal|desert|dromedary|hump|one	Dromedar	einhöckrig|Kamel|Tier|Wüste
🐫	e	two-hump camel	animal|bactrian|camel|desert|hump|two|two-hump	Kamel	Tier|Wüste|zweihöckrig
🦙	e	llama	alpaca|animal|guanaco|vicuña|wool	Lama	Alpaca|Alpaka|Anden|Kamel|Tier|Vicuña|Wolle
🦒	e	giraffe	animal|spots	Giraffe	flecken|tier
🐘	e	elephant	animal	Elefant	Tier
🦣	e	mammoth	animal|extinction|large|tusk|wooly	Mammut	Aussterben|groß|Natur|Stoßzahn|Tier|wollig
🦏	e	rhinoceros	animal	Nashorn	Rhinozeros|Tier
🦛	e	hippopotamus	animal|hippo	Nilpferd	Flusspferd|Hippo|Tier
🐭	e	mouse face	animal|face|mouse	Mäusegesicht	Gesicht|Maus|Mausgesicht|Nagetier|Tier
🐁	e	mouse	animal|animals	Maus	Nage|Tier
🐀	e	rat	animal	Ratte	Nagetier|Tier
🐹	e	hamster	animal|face|pet	Hamster	Gesicht|Hamstergesicht|Tier
🐰	e	rabbit face	animal|bunny|face|pet|rabbit	Hasengesicht	Gesicht|Kaninchen|Karnickel|Langohr|Mümmelmann|Nager|Nagetier|Tier
🐇	e	rabbit	animal|bunny|pet	Hase	Kaninchen|Karnickel|Mümmelmann|Nagetier|Tier
🐿️	e	chipmunk	animal|squirrel	Streifenhörnchen	Tier
🦫	e	beaver	animal|dam|teeth	Biber	Biberschwanz|Biberzahn|Damm|Natur|Otter|Tier
🦔	e	hedgehog	animal|spiny	Igel	stachelig|stacheln|tier
🦇	e	bat	animal|vampire	Fledermaus	Tier|Vampir
🐻	e	bear	animal|face|grizzly|growl|honey	Bär	Bärengesicht|Gesicht|Tier
🐻‍❄️	e	polar bear	animal|arctic|bear|polar|white	Eisbär	Arktis|Nordpol|weiß
🐨	e	koala	animal|australia|bear|down|face|marsupial|under	Koala	Koalabär|Koalagesicht|Tier
🐼	e	panda	animal|bamboo|face	Panda	Gesicht|Pandabär|Pandagesicht|Tier
🦥	e	sloth	lazy|slow	Faultier	faul|langsam|Tier|träge
🦦	e	otter	animal|fishing|playful	Otter	fischen|Tier|verspielt
🦨	e	skunk	animal|stink	Stinktier	Skunk|stinken|Tier
🦘	e	kangaroo	animal|joey|jump|marsupial	Känguru	Australien|Beuteltier|Down Under|hüpfen|Quokka|Skippy|springen|Tier
🦡	e	badger	animal|honey|pester	Dachs	Dachse|Frechdachs|Honigdachs|Ratel|Tier
🐾	e	paw prints	feet|paw|paws|print|prints	Tatzenabdrücke	Abdruck|Tatzen|Tier
🦃	e	turkey	bird|gobble|thanksgiving	Truthahn	Geflügel|Pute|Thanksgiving
🐔	e	chicken	animal|bird|ornithology	Huhn	Geflügel|Henne|Tier|Tierkopf
🐓	e	rooster	animal|bird|ornithology	Hahn	Tier
🐣	e	hatching chick	animal|baby|bird|chick|egg|hatching	schlüpfendes Küken	Ei|Küken|Küken in Eierschale|Piep|schlüpfen|Tier|Vogel
🐤	e	baby chick	animal|baby|bird|chick|ornithology	Küken	Kükenkopf|Tier
🐥	e	front-facing baby chick	animal|baby|bird|chick|front-facing|newborn|ornithology	Küken von vorne	Geflügel|Küken|Küken in Frontansicht|Tier
🐦	e	bird	animal|ornithology	Vogel	Papagei|Taube|Tier|Vogelkopf
🐧	e	penguin	animal|antarctica|bird|ornithology	Pinguin	Pinguinkopf|Tier|Vogel
🕊️	e	dove	bird|fly|ornithology|peace	Taube	fliegen|Friede|Frieden|Friedenstaube|Vogel
🦅	e	eagle	animal|bird|ornithology	Adler	Tier|Vogel
🦆	e	duck	animal|bird|ornithology	Ente	Tier|Vogel
🦢	e	swan	animal|bird|cygnet|duckling|ornithology|ugly	Schwan	hässliches Entlein|Tier|Vogel
🦉	e	owl	animal|bird|ornithology|wise	Eule	Raubvogel|Tier|Uhu|Vogel|weise
🦤	e	dodo	animal|bird|extinction|large|ornithology	Dodo	Aussterben|Dronte|groß|Mauritius|Natur|Tier|Vogel
🪶	e	feather	bird|flight|light|plumage	Feder	federleicht|Federn|fliegen|Gefieder|leicht|Vogelfeder
🦩	e	flamingo	animal|bird|flamboyant|ornithology|tropical	Flamingo	bunt|farbenfroh|rosa|Tier|Tropen|tropisch|Vogel
🦚	e	peacock	animal|bird|colorful|ornithology|ostentatious|peahen|pretty|proud	Pfau	bunt|stolz|stolzieren|Tier|Vogel
🦜	e	parrot	animal|bird|ornithology|pirate|talk	Papagei	ausplaudern|Pirat|plappern|sprechen|Tier|Vogel|Wiederholen
🪽	e	wing	angelic|ascend|aviation|bird|fly|flying|heavenly|soar	Flügel	Engel|Engelsflügel|Federn|fliegen|Flug|himmlisch|Mythologie|Vogel
🐦‍⬛	e	black bird	animal|beak|caw|corvid|crow|ornithology|raven|rook	schwarzer Vogel	Amsel|krächzen|Krähe|Rabe|Schnabel|schwarz|Tier|Vogel
🪿	e	goose	animal|bird|duck|flock|fowl|gaggle|ornithology|silly	Gans	blöd|dumm|dumme Gans|Gänserich|Ganter|Geflügel|Tier|Vogel
🐦‍🔥	e	phoenix	ascend|ascension|emerge|fantasy|firebird|glory|immortal|rise	Phönix	Asche|Fabelwesen|Fantasy|Feuer|Feuervogel|Reinkarnation|Tier|Vogel
🐸	e	frog	animal|face	Frosch	Froschgesicht|Gesicht|grün|quak|Tier
🐊	e	crocodile	animal|zoo	Krokodil	Reptil|Schnappi|Tier
🐢	e	turtle	animal|terrapin|tortoise	Schildkröte	Tier
🦎	e	lizard	animal|reptile	Eidechse	Reptil
🐍	e	snake	animal|bearer|Ophiuchus|serpent|zodiac	Schlange	Schlangenträger|Sternzeichen|Tier|Tierkreis
🐲	e	dragon face	animal|dragon|face|fairy|fairytale|tale	Drachengesicht	Drache|Gesicht|Märchen|Tier
🐉	e	dragon	animal|fairy|fairytale|knights|tale	Drache	chinesisch Neujahr|Märchen|Tier
🦕	e	sauropod	brachiosaurus|brontosaurus|dinosaur|diplodocus	Sauropode	Brachiosaurus|Brontosaurus|Dino|Dinosaurier|Diplodocus|Saurier
🦖	e	T-Rex	dinosaur|Rex|T|Tyrannosaurus	T-Rex	Dino|dinosaurier|saurier|tree|Tyrannosaurus Rex
🐳	e	spouting whale	animal|beach|face|ocean|spouting|whale	blasender Wal	Meer|Ozean|Tier|Wal
🐋	e	whale	animal|beach|ocean	Wal	Ozean|Tier
🐬	e	dolphin	animal|beach|flipper|ocean	Delfin	Meer|Ozean|Strand|Tier
🦭	e	seal	animal|lion|ocean|sea	Seehund	Meer|Ozean|Robbe|Seelöwe|Tier
🐟	e	fish	animal|dinner|fishes|fishing|Pisces|zodiac	Fisch	Aquarium|Fische|Meehr|Sternzeichen|Tier|Tierkreis
🐠	e	tropical fish	animal|fish|fishes|tropical	Tropenfisch	Fisch|Tier
🐡	e	blowfish	animal|fish	Kugelfisch	Fisch|kugelrund|Meer|Tier
🦈	e	shark	animal|fish	Hai	Fisch|Haifisch|Meer|Tier
🐙	e	octopus	animal|creature|ocean	Oktopus	Krake|Meer|Tier|Tintenfisch
🐚	e	spiral shell	animal|beach|conch|sea|shell|spiral	Schneckenhaus	Muschel|Strand|Tier
🪸	e	coral	change|climate|ocean|reef|sea	Koralle	Great Barrier Reef|Klimawandel|Korallenriff|Meer|Ozean|Riff|Tier
🪼	e	jellyfish	animal|aquarium|burn|invertebrate|life|ocean|ouch|sea	Qualle	autsch|brennen|Gallert|Glibber|Meer|Meeresbewohner|Meerestier|Ozean
🦀	e	crab	Cancer|zodiac	Krebs	Krabbe|Meer|Sternzeichen|Strand|Tierkreis
🦞	e	lobster	animal|bisque|claws|seafood	Hummer	Lobster|Meeresfrucht|Meeresfrüchte|Meerestier|Scheren|Tier
🦐	e	shrimp	food|shellfish|small	Garnele	Gourmet|Krustentier|Meeresfrucht|Shrimp
🦑	e	squid	animal|food|mollusk	Tintenfisch	Kalmar|Tier
🦪	e	oyster	diving|pearl	Auster	Meer|Muschel|Perle|tauchen|Tier
🐌	e	snail	animal|escargot|garden|nature|slug	Schnecke	langsam|Tier
🦋	e	butterfly	insect|pretty	Schmetterling	Insekt|schön
🐛	e	bug	animal|garden|insect	Raupe	gefräßig|Insekt|Tier
🐜	e	ant	animal|garden|insect	Ameise	Insekt|Tier
🐝	e	honeybee	animal|bee|bumblebee|honey|insect|nature|spring	Biene	Honig|Honigbiene|Hummel|Insekt|Maja|Natur|Summ|Tier
🪲	e	beetle	animal|bug|insect	Käfer	Insekt|Krabbeltier|Minzkäfer|Tier|Wanze
🐞	e	lady beetle	animal|beetle|garden|insect|lady|ladybird|ladybug|nature	Marienkäfer	Glückskäfer|Insekt|Käfer|krabbel|Punkte|Tier
🦗	e	cricket	animal|bug|grasshopper|insect|Orthoptera	Grille	grashüpfer|Heuschrecke|insekt|tier|zikade
🪳	e	cockroach	animal|insect|pest|roach	Kakerlake	Insekt|Käfer|krabbeln|Krabbeltier|Küchenschabe|La Cucaracha|Schabe|Tier
🕷️	e	spider	animal|insect	Spinne	Insekt|Tier
🕸️	e	spider web	spider|web	Spinnennetz	Netz|Spinne
🦂	e	scorpion	Scorpio|Scorpius|zodiac	Skorpion	Horoskop|Sternzeichen|Tierkreis
🦟	e	mosquito	bite|disease|fever|insect|malaria|pest|virus	Mücke	Biss|Fieber|Insekt|Insektenbiss|Insektenstich|Krankheit|Tier|Virus
🪰	e	fly	animal|disease|insect|maggot|pest|rotting	Fliege	fliegen|Insekt|Krankheit|Made|Mücke|Plage|Schmeißfliege|Tier
🪱	e	worm	animal|annelid|earthworm|parasite	Wurm	Insekt|Natur|Parasit|Regenwurm|Ringelwurm|Tier
🦠	e	microbe	amoeba|bacteria|science|virus	Mikrobe	Amöbe|Amöben|Bakterie|Bakterien|Einzeller|Medizin|Virus|Wissenschaft
💐	e	bouquet	anniversary|birthday|date|flower|love|plant|romance	Blumenstrauß	Blumen|Bouquet
🌸	e	cherry blossom	blossom|cherry|flower|plant|spring|springtime	Kirschblüte	Blume|Blüte|Kirsche|Pflanze
💮	e	white flower	flower|white	Blumenstempel	Blume
🪷	e	lotus	beauty|Buddhism|calm|flower|Hinduism|peace|purity|serenity	Lotusblüte	Blume|Buddhismus|Erleuchtung|Gleichmut|Hinduismus|Liebe|Pflanze|Ruhe
🏵️	e	rosette	plant	Rosette	Pflanze
🌹	e	rose	beauty|elegant|flower|love|plant|red|valentine	Rose	Blume|Blüte|Pflanze
🥀	e	wilted flower	dying|flower|wilted	welke Blume	am sterben|Blume|sterbend|verwelkt|welk|welkende Blume
🌺	e	hibiscus	flower|plant	Hibiskus	Blume|Blüte|Pflanze|Rosa
🌻	e	sunflower	flower|outdoors|plant|sun	Sonnenblume	Blume|Blüte|Pflanze|Sonne
🌼	e	blossom	buttercup|dandelion|flower|plant	gelbe Blüte	Blume|Blüte|Pflanze
🌷	e	tulip	blossom|flower|growth|plant	Tulpe	Blume|Blüte|Pflanze
🪻	e	hyacinth	bloom|bluebonnet|flower|indigo|lavender|plant|purple|spring	Hyazinthe	blaue Wiesenlupine|blühen|Blume|Blüte|Frühling|lila|Pflanze|violett
🌱	e	seedling	plant|sapling|sprout|young	Spross	junge Pflanze
🪴	e	potted plant	decor|grow|house|nurturing|plant|pot|potted	Topfpflanze	Dekor|Grünpflanze|Haus|Pflanze|pflegen|wachsen|Zimmerpflanze
🌲	e	evergreen tree	christmas|evergreen|forest|pine|tree	Nadelbaum	Baum|Pflanze|Tannenbaum
🌳	e	deciduous tree	deciduous|forest|green|habitat|shedding|tree	Laubbaum	Baum|Blätter|grün|Laub|Pflanze|Wald
🌴	e	palm tree	beach|palm|plant|tree|tropical	Palme	Baum|Kokusnuss|Oase|Pflanze|Strand|Tropen
🌵	e	cactus	desert|drought|nature|plant	Kaktus	Dürre|Natur|Pflanze|Trockenzeit|Wüste
🌾	e	sheaf of rice	ear|grain|grains|plant|rice|sheaf	Reisähre	Ähre|Pflanze|Reis|Reispflanze
🌿	e	herb	leaf|plant	Kräuter	Blätter|Pflanze
☘️	e	shamrock	irish|plant	Kleeblatt	grün|Pflanze
🍀	e	four leaf clover	4|clover|four|four-leaf|irish|leaf|lucky|plant	Glücksklee	Blatt|Klee|Kleeblatt|Pflanze|Silverster|vier|vierblättrig|Vierblättriges Kleeblatt
🍁	e	maple leaf	falling|leaf|maple	Ahornblatt	Ahorn|Blatt|Herbst|Laub|Pflanze
🍂	e	fallen leaf	autumn|fall|fallen|falling|leaf	Laub	Blatt|Blätter|Fallendes Laub|Herbst|Pflanze
🍃	e	leaf fluttering in wind	blow|flutter|fluttering|leaf|wind	Blätter im Wind	Blatt|Blätter|Laub|Pflanze|Wind
🪹	e	empty nest	branch|empty|home|nest|nesting	leeres Nest	Heim|Nest|Nestbau|nisten|Vogelnest|Zuhause
🪺	e	nest with eggs	bird|branch|egg|eggs|nest|nesting	Nest mit Eiern	Heim|Nest|Nest mit blauen Eiern|Nestbau|nisten|Vogelnest|Zuhause
🍄	e	mushroom	fungus|toadstool	Fliegenpilz	giftig|Pilz
🍇	e	grapes	Dionysus|fruit|grape	Trauben	Frucht|Obst|Traube|Wein
🍈	e	melon	cantaloupe|fruit	Honigmelone	cantaloupe|Frucht|Melone|Obst
🍉	e	watermelon	fruit	Wassermelone	Frucht|Melone|Obst|Wasser
🍊	e	tangerine	c|citrus|fruit|nectarine|orange|vitamin	Mandarine	Apfelsine|Frucht|Obst|Orange|Vitamin
🍋	e	lemon	citrus|fruit|sour	Zitrone	Frucht|Obst|sauer|Zitrusfrucht
🍋‍🟩	e	lime	acidity|citrus|cocktail|fruit|key|salsa|sour|tropical	Limette	Cocktail|Essen|Frucht|Obst|Saft|sauer|tropisch|Zitrusfrucht
🍌	e	banana	fruit|potassium	Banane	Frucht|Obst|Schale
🍍	e	pineapple	colada|fruit|pina|tropical	Ananas	Frucht|Obst
🥭	e	mango	food|fruit|tropical	Mango	Essen|Frucht|Früchte|Obst|Shaker|tropisch
🍎	e	red apple	apple|diet|food|fruit|health|red|ripe	roter Apfel	Apfel|Frucht|Obst|rot
🍏	e	green apple	apple|fruit|green	grüner Apfel	Apfel|Frucht|gesund|grün|Obst
🍐	e	pear	fruit	Birne	Frucht|Obst
🍑	e	peach	fruit	Pfirsich	Frucht|Obst
🍒	e	cherries	berries|cherry|fruit|red	Kirschen	Frucht|Kirsche|Obst
🍓	e	strawberry	berry|fruit	Erdbeere	Beere|Essen|Frucht|Obst
🫐	e	blueberries	berries|berry|bilberry|blue|blueberry|food|fruit	Blaubeeren	Beere|Essen|Frucht|Heidelbeere|Heidelbeeren|Lebensmittel|Nahrung|Obst
🥝	e	kiwi fruit	food|fruit|kiwi	Kiwi	Frucht|Obst
🍅	e	tomato	food|fruit|vegetable	Tomate	Essen|Gemüse|Obst
🫒	e	olive	food	Olive	Essen|grün|Lebensmittel|Nahrung|Olivenöl|Olivenzweig|Zweig
🥥	e	coconut	colada|palm|piña	Kokosnuss	Colada|Essen|Frucht|Palme|Piña
🥑	e	avocado	food|fruit	Avocado	Essen|Frucht
🍆	e	eggplant	aubergine|vegetable	Aubergine	Gemüse
🥔	e	potato	food|vegetable	Kartoffel	Essen|Gemüse
🥕	e	carrot	food|vegetable	Karotte	Gemüse|Möhre|Mohrrübe
🌽	e	ear of corn	corn|crops|ear|farm|maize|maze	Maiskolben	Gemüse|Mais
🌶️	e	hot pepper	hot|pepper	Peperoni	Chili|Paprika|Pfeffer|Pflanze|scharf
🫑	e	bell pepper	bell|capsicum|food|pepper|vegetable	Paprika	Essen|Gemüse|Gemüsepaprika|grün|Lebensmittel|Nahrung|Peperoni
🥒	e	cucumber	food|pickle|vegetable	Gurke	Essen|Gemüse|Scheiben
🥬	e	leafy green	bok|burgers|cabbage|choy|green|kale|lettuce|salad	Blattgemüse	blattgrün|Essen|Gemüse|Grünkohl|Grünzeug|Kohl|Kraut|Salat
🥦	e	broccoli	cabbage|wild	Brokkoli	Broccoli|essen|Gemüse|Gemüsekohl|Kohl
🧄	e	garlic	flavoring	Knoblauch	Essen|Geschmack|Lebensmittel|Nahrung|Würze|Zutat
🧅	e	onion	flavoring	Zwiebel	Essen|Geschmack|Gewürz|Lebensmittel|Nahrung|Würze
🥜	e	peanuts	food|nut|peanut|vegetable	Erdnuss	Essen
🫘	e	beans	food|kidney|legume|small	Bohnen	Bohne|Essen|Gemüse|Hülsenfrucht|Kidney-Bohne|Kidneybohne|Lebensmittel
🌰	e	chestnut	almond|plant	Kastanie	Marone
🫚	e	ginger root	beer|ginger|health|herb|natural|root|spice	Ingwer	gesund|Gewürz|Ginger Ale|Ingwerbier|scharf|Wurzel|würzig
🫛	e	pea pod	beans|beanstalk|edamame|legume|pea|soybean|vegetable|veggie	Erbsenschote	Bohne|Edamame|Erbse|Essen|Gemüse|Hülsenfrucht|Hülsenfrüchte|Schote
🍄‍🟫	e	brown mushroom	food|fungi|fungus|nature|pizza|sprout|vegetable|veggie	brauner Pilz	braun|Essen|Fungus|Gemüse|Lebensmittel|Natur|Pflanze|Wald
🍞	e	bread	carbs|food|grain|loaf|restaurant|toast|wheat	Brot	Brotlaib|Essen|Kohlenhydrate|Laib Brot|Toast|Weißbrot|Weizen
🥐	e	croissant	bread|breakfast|crescent|food|french|roll	Croissant	Corissant|französisch|Frühstück|Frühstückshörnchen
🥖	e	baguette bread	baguette|bread|food|french	Baguette	Brot|französisch|Frühstück
🫓	e	flatbread	arepa|bread|food|gordita|lavash|naan|pita	Fladenbrot	Arepa|Brot|Essen|Lavasch|Lebensmittel|Naan|Nahrung|Pita
🥨	e	pretzel	convoluted|twisted	Brezel	brezen|brezn|essen|gedreht|oktoberfest
🥯	e	bagel	bakery|bread|breakfast|schmear	Bagel	Bäckerei|Backwaren|Brötchen|Essen|Frühstück|Pausenbrot
🥞	e	pancakes	breakfast|crêpe|food|hotcake|pancake	Pfannkuchen	Crepe|Eierpfannkuchen|Essen
🧇	e	waffle	breakfast|indecisive|iron	Waffel	Essen|Lebensmittel|Nahrung|Waffel mit Butter
🧀	e	cheese wedge	cheese|wedge	Käsestück	Käse
🍖	e	meat on bone	bone|meat	Fleischhachse	Fleisch|Knochen|Restaurant
🍗	e	poultry leg	bone|chicken|drumstick|hungry|leg|poultry|turkey	Hähnchenschenkel	Fleisch|Geflügel|Hühnerbein|Restaurant
🥩	e	cut of meat	chop|cut|lambchop|meat|porkchop|red|steak	Fleischstück	essen|Fleisch|Kotelett|Lammkotelett|rot|Schnitzel|Schweinekotelett|Steak
🥓	e	bacon	breakfast|food|meat	Bacon	Essen|Frühstücksspeck|Speck|Speckstreifen
🍔	e	hamburger	burger|eat|fast|food|hungry	Hamburger	Burger|Fast Food|Restaurant
🍟	e	french fries	fast|food|french|fries	Pommes frites	Fritten|Pommes
🍕	e	pizza	cheese|food|hungry|pepperoni|slice	Pizza	Pizzastück|Pizzeria
🌭	e	hot dog	dog|frankfurter|hot|hotdog|sausage	Hotdog	Essen|Frankfurter|Hot Dog|Wurst|Würstchen
🥪	e	sandwich	bread	Sandwich	brot|essen
🌮	e	taco	mexican	Taco	Essen|mexikanisch
🌯	e	burrito	mexican|wrap	Burrito	essen|mexikanisch
🫔	e	tamale	food|mexican|pamonha|wrapped	Tamale	Burrito|eingewickelt|Essen|Lebensmittel|mexikanisch|Streetfood|Wrap
🥙	e	stuffed flatbread	falafel|flatbread|food|gyro|kebab|stuffed	Döner	Döner Kebab|Falafel|Wrap
🧆	e	falafel	chickpea|meatball	Falafel	Bällchen|Essen|Fleischbällchen|Kichererbsen|Lebensmittel|Nahrung
🥚	e	egg	breakfast|food	Ei	Frühstück|Frühstücksei
🍳	e	cooking	breakfast|easy|egg|over|pan|restaurant|sunny|up	Spiegelei in Bratpfanne	braten|Bratpfanne|Kochen|Pfanne|Spiegelei
🥘	e	shallow pan of food	casserole|food|paella|pan|shallow	Pfannengericht	Essen|Paella|Reispfanne
🍲	e	pot of food	food|pot|soup|stew	Topf mit Essen	Eintopf|Gericht|Schüssel|Suppe
🫕	e	fondue	cheese|chocolate|food|melted|pot|ski	Fondue	Essen|geschmolzen|Käse|Schokolade|schweizerisch|Topf
🥣	e	bowl with spoon	bowl|breakfast|cereal|congee|oatmeal|porridge|spoon	Schüssel mit Löffel	brei|Cerealien|essen|Frühstück|haferbrei|Reisbrei|schüssel|suppe
🥗	e	green salad	food|green|salad	Salat	Blattgemüse|Essen|gesund|grün
🍿	e	popcorn	corn|movie|pop	Popcorn	Kino|Snack
🧈	e	butter	dairy	Butter	Essen|Lebensmittel|Milchprodukt|Nahrung
🧂	e	salt	condiment|flavor|mad|salty|shaker|taste|upset	Salz	gesalzen|Geschmack|Gewürz|salzig|Salzstreuer|Würze|Zutat
🥫	e	canned food	can|canned|food	Konserve	Büchse|Dose|essen
🍱	e	bento box	bento|box|food	Bento-Box	Bento|Japanisches essen|Sushi
🍘	e	rice cracker	cracker|food|rice	Reiscracker	Cracker
🍙	e	rice ball	ball|food|Japanese|rice	Reisbällchen	Essen|japanisch|Reis
🍚	e	cooked rice	cooked|food|rice	Reis in Schüssel	Essen|Reis
🍛	e	curry rice	curry|food|rice	Reis mit Curry	Curry|Reis
🍜	e	steaming bowl	bowl|chopsticks|food|noodle|pho|ramen|soup|steaming	Schüssel und Essstäbchen	chinesisches Essen|dampfend|Eiernudeln|Nudeln|Schüssel|Stäbchen|Suppe
🍝	e	spaghetti	food|meatballs|pasta|restaurant	Spaghetti	Essse|Nudeln mit Tomatensoße|Pasta|Restaurant
🍠	e	roasted sweet potato	food|potato|roasted|sweet	geröstete Süßkartoffel	Essen|Gemüse|geröstet|Süßkartoffel
🍢	e	oden	food|kebab|restaurant|seafood|skewer|stick	Oden	japanisches Gericht|Restaurant
🍣	e	sushi	food	Sushi	japanisches Gericht|Restaurant
🍤	e	fried shrimp	fried|prawn|shrimp|tempura	frittierte Garnele	Garnele|Restaurant|tempura
🍥	e	fish cake with swirl	cake|fish|food|pastry|restaurant|swirl	Fischfrikadelle	Fisch|Restaurant|Spirale
🥮	e	moon cake	autumn|cake|festival|moon|yuèbǐng	Mondkuchen	Essen|Fest|Festival|Herbst|Kuchen|Mondfest|Pinyin|Yuebing
🍡	e	dango	dessert|Japanese|skewer|stick|sweet	Dango	japanisches Gericht|Mochi-Kugeln auf einem Spieß|Restaurant
🥟	e	dumpling	empanada|gyōza|jiaozi|pierogi|potsticker	Teigtasche	chinesische Teigtasche|dumpling|empanada|essen|Gyōza|Jiaozi|kloß|Pierogi
🥠	e	fortune cookie	cookie|fortune|prophecy	Glückskeks	essen|Prophezeiung
🥡	e	takeout box	box|chopsticks|delivery|food|oyster|pail|takeout	Takeaway-Schachtel	chinesisches essen|essen|stäbchen|Takeaway-Box
🍦	e	soft ice cream	dessert|food|ice|icecream|restaurant|serve|soft|sweet	Softeis	Eis
🍧	e	shaved ice	dessert|ice|restaurant|shaved|sweet	Wassereis	Eis|Sorbet|zerstoßen
🍨	e	ice cream	cream|dessert|food|ice|restaurant|sweet	Eiscreme	Eis|Eisbecher|Eisdiele
🍩	e	doughnut	breakfast|dessert|donut|food|sweet	Donut	Doughnut|Essen|Kuchen|süß
🍪	e	cookie	chip|chocolate|dessert|sweet	Keks	Cookie|Plätchen
🎂	e	birthday cake	bday|birthday|cake|celebration|dessert|happy|pastry|sweet	Geburtstagskuchen	Essen|feier|Geburtstagstorte|happy birthday|kerzen|Kuchen|Lebensmittel|Torte
🍰	e	shortcake	cake|dessert|pastry|slice|sweet	Torte	Kuchen|Kuchenstück|Stück Torte|Tortenstück
🧁	e	cupcake	bakery|dessert|sprinkles|sugar|sweet|treat	Cupcake	Bäckerei|Dessert|Essen|Gebäck|Kalorienbombe|Konditorei|Nachspeise|süß
🥧	e	pie	apple|filling|fruit|meat|pastry|pumpkin|slice	Kuchen	Essen|Füllung|Gebäck|Pastete|Torte
🍫	e	chocolate bar	bar|candy|chocolate|dessert|halloween|sweet|tooth	Schokoladentafel	Essen|Schokolade|Süßigkeit
🍬	e	candy	cavities|dessert|halloween|restaurant|sweet|tooth|wrapper	Bonbon	süß|Süßigkeit
🍭	e	lollipop	candy|dessert|food|restaurant|sweet	Lutscher	Lolli|Süßigkeit
🍮	e	custard	dessert|pudding|sweet	Pudding	Dessert|Flan|Nachspeise|Nachtisch|Schokolade|Soße
🍯	e	honey pot	barrel|bear|food|honey|honeypot|jar|pot|sweet	Honigtopf	Honig|süß
🍼	e	baby bottle	babies|baby|birth|born|drink|infant|milk|newborn	Babyflasche	Baby|Fläschchen|Flasche|Kind|Milch|trinken
🥛	e	glass of milk	drink|glass|milk	Glas Milch	Getränk|Glas|Milch|trinken
☕	e	hot beverage	cafe|caffeine|chai|coffee|drink|morning|steaming|tea	Heißgetränk	Cafe|dampfend|Getränk|heiß|Kaffee|Tasse|Tee|trinken
🫖	e	teapot	brew|drink|food|pot|tea	Teekanne	Getränk|Kanne|Lebensmittel|Tee|Tee brühen|Teekrug|trinken
🍵	e	teacup without handle	beverage|cup|drink|handle|oolong|tea|teacup	Teetasse ohne Henkel	Getränk|grüner Tee|Oolong|Schale|Tee|Teetasse
🍶	e	sake	bar|beverage|bottle|cup|drink|restaurant	Sake-Flasche mit Tasse	Flasche|Getränk|Sake|Sake-Flasche und -tasse|Tasse|trinken
🍾	e	bottle with popping cork	bar|bottle|cork|drink|popping	Flasche mit knallendem Korken	Champagner|Flasche|Getränk|knallen|Korken|Sekt|trinken
🍷	e	wine glass	alcohol|bar|beverage|booze|drink|drinking|drinks|restaurant	Weinglas	Alkohol|Bar|Glas|Wein
🍸	e	cocktail glass	alcohol|bar|booze|club|drink|drinking|drinks|mad	Cocktailglas	Bar|Cocktail|Drink|martini
🍹	e	tropical drink	alcohol|bar|booze|club|cocktail|drinking|drinks|party	Cocktail	Bar|exotisches Getränk
🍺	e	beer mug	alcohol|ale|bar|booze|drink|drinking|drinks|summer	Bierkrug	Bar|Bier|Krug|Oktoberfest|prost|Weizenbier
🍻	e	clinking beer mugs	alcohol|bar|beer|booze|bottoms|cheers|drinking|drinks	Bierkrüge	anstoßen|Bier|Oktoberfest|prosit|prost|Weizen
🥂	e	clinking glasses	celebrate|clink|clinking|drink|glass|glasses	Sektgläser	anstoßen|Feier|feiern|Getränk|Gläser|prost|Sekt
🥃	e	tumbler glass	glass|liquor|scotch|shot|tumbler|whiskey|whisky	Trinkglas	Bar|Schnaps|Whiskey
🫗	e	pouring liquid	accident|drink|empty|glass|liquid|oops|spill|water	Flüssigkeit ausgießen	ausleeren|Getränk|gießen|Glas|leer|Missgeschick|tropfende Flüssigkeit|verschütten
🥤	e	cup with straw	cup|drink|juice|malt|soda|soft|straw|water	Becher mit Strohhalm	brause|erfrischung|Saft|Selters|soda|trinken|trinkhalm|wasser
🧋	e	bubble tea	boba|bubble|food|milk|pearl|tea	Bubble Tea	Blase|Essen|Getränk|Lebensmittel|Milch|Perle|Taiwan|Tee
🧃	e	beverage box	beverage|box|juice|straw|sweet	Trinkpäckchen	Fruchtsaft|Getränk|Obstsaft|Saft|Saftpackung
🧉	e	mate	drink	Mate-Tee	Getränk|Tee
🧊	e	ice	cold|cube|iceberg	Eiswürfel	Eisberg|gefroren|kalt|kühlen|Würfel
🥢	e	chopsticks	hashi|jeotgarak|kuaizi	Essstäbchen	chinesisches essen|essen|Hashi|japanisches essen|stäbchen
🍽️	e	fork and knife with plate	cooking|dinner|eat|fork|knife|plate	Teller mit Messer und Gabel	Gabel|Geschirr|kochen|Messer|Teller
🍴	e	fork and knife	breakfast|cooking|dinner|eat|feed|food|hungry|restaurant	Messer und Gabel	Abendessen|Besteck|Essen|Frühstück|Gabel und Messer|Geschirr|lecker|Restaurant
🥄	e	spoon	eat|tableware	Löffel	Besteck
🔪	e	kitchen knife	chef|cooking|hocho|kitchen|knife|tool|weapon	Küchenmesser	Messer|schneiden
🫙	e	jar	condiment|container|empty|nothing|sauce|store	Einmachglas	Einweckglas|Essen|Gewürzglas|leer|leerer Behälter|leeres Einweckglas|leeres Glas|Marmeladeglas
🏺	e	amphora	Aquarius|cooking|drink|jug|tool|weapon|zodiac	Amphore	Gefäß|kochen|Krug|Sternzeichen|Tierkreis|trinken|Vase|Wassermann
🌍	e	globe showing Europe-Africa	Africa|earth|Europe|Europe-Africa|globe|showing|world	Globus mit Europa und Afrika	Afrika|Erde|Europa|Weltkugel
🌎	e	globe showing Americas	Americas|earth|globe|showing|world	Globus mit Amerika	Erde|Globus|Nordamerika|Südamerika|Weltkugel
🌏	e	globe showing Asia-Australia	Asia|Asia-Australia|Australia|earth|globe|showing|world	Globus mit Asien und Australien	Asien|Australien|Erde|Globus|Weltkugel
🌐	e	globe with meridians	earth|globe|internet|meridians|web|world|worldwide	Globus mit Meridianen	Breitengrad|Längengrad
🗺️	e	world map	map|world	Weltkarte	Karte|Landkarte|reisen|Welt
🗾	e	map of Japan	Japan|map	Umriss von Japan	Japan|Karte
🧭	e	compass	direction|magnetic|navigation|orienteering	Kompass	Himmelsrichtung|magnetisch|Navigation|Orientierung|Richtung|Windrose
🏔️	e	snow-capped mountain	cold|mountain|snow|snow-capped	schneebedeckter Berg	Berg|Gebirge|kalt|Schnee
⛰️	e	mountain		Berg	Gebirge
🌋	e	volcano	eruption|mountain|nature	Vulkan	Ausbruch|Berg|Lava|Vulkanausbruch|Wetter
🗻	e	mount fuji	fuji|mount|mountain|nature	Fuji	Berg|Vulkan
🏕️	e	camping		Camping	campen|Zelt|zelten
🏖️	e	beach with umbrella	beach|umbrella	Strand mit Sonnenschirm	Meer|Sonnenschirm|Strand
🏜️	e	desert		Wüste	heiß
🏝️	e	desert island	desert|island	einsame Insel	einsam|Insel|Meer|Palme|Strand|verlassen
🏞️	e	national park	national|park	Nationalpark	Berg|Fluss|Natur|Park|Schutzgebiet
🏟️	e	stadium		Stadion	Arena
🏛️	e	classical building	building|classical	antikes Gebäude	antik|Gebäude|klassizistisch
🏗️	e	building construction	building|construction|crane	Kran	Bau|bauen
🧱	e	brick	bricks|clay|mortar|wall	Ziegelstein	bauen|Grenze|Klinker|Mauer|Mauerwerk|Mörtel|Wand|Ziegelsteine
🪨	e	rock	boulder|heavy|solid|stone|tough	Felsen	felsig|hart|Natur|schwer|Stein|steinig
🪵	e	wood	log|lumber|timber	Holz	Baumstamm|Feuerholz|holzig|Holzscheite|Lagerfeuer
🛖	e	hut	home|house|roundhouse|shelter|yurt	Hütte	Behausung|Gebäude|Haus|Jurte|Objekt|Rundhaus|Schutz
🏘️	e	houses	house	Wohnhäuser	Dorf|Gebäude|Haus|Häuser|Wohnhaus|Wohnsiedlung
🏚️	e	derelict house	derelict|home|house	verfallenes Haus	Gebäude|Haus|heruntergekommen|verfallen|verlassen|Verlassenes Haus
🏠	e	house	building|country|heart|home|ranch|settle|simple|suburban	Haus	Gebäude|Zuhause
🏡	e	house with garden	building|country|heart|home|ranch|settle|simple|suburban	Haus mit Garten	Baum|Haus|Haus mit Baum
🏢	e	office building	building|city|cubical|job|office	Bürogebäude	Hochhaus
🏣	e	Japanese post office	building|Japanese|office|post	japanisches Postgebäude	Japan|Post
🏤	e	post office	building|European|office|post	Postgebäude	Europa|Europäisches Postgebäude|Post
🏥	e	hospital	building|doctor|medicine	Krankenhaus	Ambulanz|Arzt|Gebäude|krank|Medizin|Notaufnahme
🏦	e	bank	building	Bank	Gebäude|Geld
🏨	e	hotel	building	Hotel	Gebäude|übernachten|Unterkunft
🏩	e	love hotel	building|hotel|love	Stundenhotel	Gebäude|Hotel|Liebe|Unterkunft
🏪	e	convenience store	24|building|convenience|hours|store	Minimarkt	einkaufen|Gebäude|Geschäft|Lebensmittel
🏫	e	school	building	Schule	Gebäude|Schulgebäude
🏬	e	department store	building|department|store	Kaufhaus	einkaufen|Gebäude|Geschäft|shoppen
🏭	e	factory	building	Fabrik	Fabrikgebäude|Gebäude
🏯	e	Japanese castle	building|castle|Japanese	japanisches Schloss	Bauwerk|Gebäude|Japan|japanisch|Schloss
🏰	e	castle	building|European	Schloss	Bauwerk|Burg|Europa|europäisch|Gebäude|Märchen|Märchenschloss
💒	e	wedding	chapel|hitched|nuptials|romance	Hochzeit	Herz|Kirche
🗼	e	Tokyo tower	Tokyo|tower	Tokyo Tower	Fernsehturm|Tokio
🗽	e	Statue of Liberty	liberty|new|ny|nyc|statue|york	Freiheitsstatue	Amerika|Freiheit
⛪	e	church	bless|chapel|Christian|cross|religion	Kirche	Christ|Christentum|christlich|Gebäude|Kreuz|Religion
🕌	e	mosque	islam|masjid|Muslim|religion	Moschee	Islam|Moslem|Muslim|Religion
🛕	e	hindu temple	hindu|temple	Hindutempel	Gebäude|Hindu|Tempel
🕍	e	synagogue	Jew|Jewish|judaism|religion|temple	Synagoge	Jude|jüdisch|Religion|Tempel
⛩️	e	shinto shrine	religion|shinto|shrine	Shinto-Schrein	Religion|Schrein|Shinto
🕋	e	kaaba	hajj|islam|Muslim|religion|umrah	Kaaba	Hajj|Islam|Moslem|Muslim|Religion
⛲	e	fountain		Springbrunnen	Brunnen|Garten|Park
⛺	e	tent	camping	Zelt	Camping|Campingurlaub|Zeltplatz
🌁	e	foggy	fog	neblig	Nebel|Wetter
🌃	e	night with stars	night|star|stars	Sternenhimmel	City|Hochhäuser|Nacht|Skyline|Stadt|Sterne
🏙️	e	cityscape	city	Skyline	Gebäude|Großstadt|Häuser|Hochhäuser|Stadt|Wolkenkratzer
🌄	e	sunrise over mountains	morning|mountains|over|sun|sunrise	Sonnenaufgang über Bergen	Berge|Sonnenaufgang
🌅	e	sunrise	morning|nature|sun	Sonnenaufgang über dem Meer	Meer|Sonnenaufgang
🌆	e	cityscape at dusk	at|building|city|cityscape|evening|landscape|sun|sunset	Abendstimmung in der Stadt	Hochhäuser|New York|Skyline|Sonnenaufgang|Sonnenuntergang|Wolkenkratzer
🌇	e	sunset	building|dusk|sun	Sonnenuntergang in der Stadt	Großstadt|Hochhäuser|Morgenrot|Sonnenaufgang|Sonnenuntergang|Wolkenkratzer
🌉	e	bridge at night	at|bridge|night	Brücke vor Nachthimmel	Brücke|Golden Gate|Nacht|nachts
♨️	e	hot springs	hot|hotsprings|springs|steaming	heiße Quellen	Dampf|dampfend|heiß|heiße Quelle|Quelle|Quellen
🎠	e	carousel horse	carousel|entertainment|horse	Karussellpferd	Karussell|Pferd|reiten
🛝	e	playground slide	amusement|park|play|playground|playing|slide|sliding|theme	Spielplatzrutsche	Rutschbahn|Rutsche|spielen|Spielplatz|Vergnügungspark
🎡	e	ferris wheel	amusement|ferris|park|theme|wheel	Riesenrad	Freizeitpark|Rad|Volksfest
🎢	e	roller coaster	amusement|coaster|park|roller|theme	Achterbahn	Freizeitpark|Volksfest
💈	e	barber pole	barber|cut|fresh|haircut|pole|shave	Barbershop-Säule	Friseur|Herrenfriseur|Säule
🎪	e	circus tent	circus|tent	Zirkuszelt	Unterhaltung|Zelt|Zirkus
🚂	e	locomotive	caboose|engine|railway|steam|train|trains|travel	Dampflokomotive	Bahn|Dampf|Dampflok|Fahrzeug|Lokomotive|Schiene|Zug
🚃	e	railway car	car|electric|railway|train|tram|travel|trolleybus	Eisenbahnwagen	Fahrzeug|Straßenbahn|Straßenbahnwagen|Tram|Wagen|Waggon|Wagon|Zug
🚄	e	high-speed train	high-speed|railway|shinkansen|speed|train	Hochgeschwindigkeitszug mit spitzer Nase	ICE|Shinkansen|TGV|Zug
🚅	e	bullet train	bullet|high-speed|nose|railway|shinkansen|speed|train|travel	Hochgeschwindigkeitszug	Bahn|Japan|Shinkansen|Zug
🚆	e	train	arrived|choo|railway	Zug	Bahn|Eisenbahn|ICE
🚇	e	metro	subway|travel	U-Bahn	Metro
🚈	e	light rail	arrived|light|monorail|rail|railway	S-Bahn	Bahn|ICE|Monorail|Zug
🚉	e	station	railway|train	Bahnhof	Bahn|Zug
🚊	e	tram	trolleybus	Straßenbahn	Tram|Verkehrsmittel
🚝	e	monorail	vehicle	Einschienenbahn	Bahn|Magnetschwebebahn|Monorail
🚞	e	mountain railway	car|mountain|railway|trip	Bergbahn	Bahn|Bimmelbahn|Zug
🚋	e	tram car	bus|car|tram|trolley|trolleybus	Straßenbahnwagen	Straßenbahn|Tram|Tramwagen|Transport|Verkehrsmittel|Waggon
🚌	e	bus	school|vehicle	Bus	Fahrzeug|Schulbus
🚍	e	oncoming bus	bus|cars|oncoming	Bus von vorne	Bus|Verkehrsmittel|Vorderansicht Bus
🚎	e	trolleybus	bus|tram|trolley	Oberleitungsbus	Straßenbahn|Trolleybus
🚐	e	minibus	bus|drive|van|vehicle	Kleinbus	Bus|Fahrzeug
🚑	e	ambulance	emergency|vehicle	Krankenwagen	Ambulanz|Notfall
🚒	e	fire engine	engine|fire|truck	Feuerwehrauto	Brand|Löschfahrzeug
🚓	e	police car	5–0|car|cops|patrol|police	Polizeiwagen	Polizei|Streifenwagen
🚔	e	oncoming police car	car|oncoming|police	Polizeiwagen von vorne	Polizei|Streifenwagen|Vorderansicht Polizeiwagen
🚕	e	taxi	cab|cabbie|car|drive|vehicle|yellow	Taxi	Auto|Fahrzeug
🚖	e	oncoming taxi	cab|cabbie|cars|drove|hail|oncoming|taxi|yellow	Taxi von vorne	Auto|fahren|gelb|Taxi|Vorderansicht Taxi
🚗	e	automobile	car|driving|vehicle	Auto	fahren|Fahrzeug|rot|Verkehr
🚘	e	oncoming automobile	automobile|car|cars|drove|oncoming|vehicle	Auto von vorne	Auto|Automobil|Fahrzeug|rot|Vorderansicht Auto
🚙	e	sport utility vehicle	car|drive|recreational|sport|sportutility|utility|vehicle	Wohnmobil	Auto|blau|fahren|verreisen
🛻	e	pickup truck	automobile|car|flatbed|pick-up|pickup|transportation|truck	Pick-up	Auto|fahren|Fahrzeug|Laster|Lastwagen|Lieferwagen|LKW|Transport
🚚	e	delivery truck	car|delivery|drive|truck|vehicle	Lieferwagen	Lastwagen|LKW
🚛	e	articulated lorry	articulated|car|drive|lorry|move|semi|truck|vehicle	Sattelzug	Lastwagen|LKW|umziehen|ziehen um
🚜	e	tractor	vehicle	Traktor	Bauernhof|Landwirtschaft|Trecker
🏎️	e	racing car	car|racing|zoom	Rennauto	Autorennen
🏍️	e	motorcycle	racing	Motorrad	Moped|Motorrennen
🛵	e	motor scooter	motor|scooter	Motorroller	Motoroller|Roller|Vespa
🦽	e	manual wheelchair	accessibility|manual|wheelchair	manueller Rollstuhl	Barrierefreiheit|Behinderung|Rollstuhl
🦼	e	motorized wheelchair	accessibility|motorized|wheelchair	elektrischer Rollstuhl	Barrierefreiheit|Behinderung|Rollstuhl
🛺	e	auto rickshaw	auto|rickshaw|tuk	Autorikscha	Fahrzeug|Tuk-Tuk
🚲	e	bicycle	bike|class|cycle|cycling|cyclist|gang|ride|spin	Fahrrad	BMX|Rad|Radeln|Radler|Spinning
🛴	e	kick scooter	kick|scooter	Tretroller	Roller
🛹	e	skateboard	board|skate|skater|wheels	Skateboard	Board|Brett|Räder|Skateboard fahren|skaten|Skater
🛼	e	roller skate	blades|roller|skate|skates|sport	Rollschuh	Rollen|Rollerskate|Rollschuh laufen|Schuh|Sport
🚏	e	bus stop	bus|busstop|stop	Bushaltestelle	Bus|Haltestelle
🛣️	e	motorway	highway|road	Autobahn	Schnellstraße
🛤️	e	railway track	railway|track|train	Bahngleis	Bahn|Gleise|Schienen
🛢️	e	oil drum	drum|oil	Ölfass	Fass|Öl
⛽	e	fuel pump	diesel|fuel|fuelpump|gas|gasoline|pump|station	Tanksäule	Benzin|Tanke|tanken|Tankstelle
🛞	e	wheel	car|circle|tire|turn|vehicle	Autorad	Autoreifen|drehen|Rad|Reifen|Reifen mit Felgen|rotieren
🚨	e	police car light	alarm|alert|beacon|car|emergency|light|revolving|siren	Polizeilicht	Polizei|Sirene
🚥	e	horizontal traffic light	horizontal|intersection|light|signal|stop|stoplight|traffic	horizontale Verkehrsampel	Ampel|Verkehrsampel|vertikal
🚦	e	vertical traffic light	drove|intersection|light|signal|stop|stoplight|traffic|vertical	vertikale Verkehrsampel	Ampel|horizontal|Verkehrsampel
🛑	e	stop sign	octagonal|sign|stop	Stoppschild	achteckig|Schild|Stopp
🚧	e	construction	barrier	Baustellenabsperrung	Baustelle|Baustellenschild|Schild
⚓	e	anchor	ship|tool	Anker	Hafen|Meer
🛟	e	ring buoy	float|life|lifesaver|preserver|rescue|safety|save|swim	Rettungsring	Leben retten|Lebensretter|retten|Rettung|Schwimmring|Sicherheit
⛵	e	sailboat	boat|resort|sailing|sea|yacht	Segelboot	Boot
🛶	e	canoe	boat	Kanu	Boot|Wassersport
🚤	e	speedboat	billionaire|boat|lake|luxury|millionaire|summer|travel	Schnellboot	Boot|Luxus|See|Sommer|Wasser|Yacht
🛳️	e	passenger ship	passenger|ship	Passagierschiff	Aida|Rundreise|Schiff|Seereise|Traumschiff
⛴️	e	ferry	boat|passenger	Fähre	Schiff
🛥️	e	motor boat	boat|motor|motorboat	Motorboot	Boot|Schiff
🚢	e	ship	boat|passenger|travel	Schiff	Dampfer|Kreuzfahrtschiff|Traumschiff
✈️	e	airplane	aeroplane|fly|flying|jet|plane|travel	Flugzeug	Flieger
🛩️	e	small airplane	aeroplane|airplane|plane|small	kleines Flugzeug	Flugzeug|klein|Privatjet
🛫	e	airplane departure	aeroplane|airplane|check-in|departure|departures|plane	Abflug	fliegen|Flughafen|Flugzeug|Start|Start eines Flugzeugs
🛬	e	airplane arrival	aeroplane|airplane|arrival|arrivals|arriving|landing|plane	Landung eines Flugzeugs	Ankunft|Flieger|Flughafen|Flugzeug|landen|Landung
🪂	e	parachute	hang-glide|parasail|skydive	Fallschirm	Fallschirmspringen|Paragliding|Skydiving|Sport
💺	e	seat	chair	Sitzplatz	Bus|Flugzeug|Sitz|Zug
🚁	e	helicopter	copter|roflcopter|travel|vehicle	Hubschrauber	fliegen|Helikopter|reisen
🚟	e	suspension railway	railway|suspension	Schwebebahn	Hängebahn
🚠	e	mountain cableway	cable|cableway|gondola|lift|mountain|ski	Bergschwebebahn	Schwebebahn
🚡	e	aerial tramway	aerial|cable|car|gondola|ropeway|tramway	Bergseilbahn	Gondel|Seilbahn
🛰️	e	satellite	space	Satellit	Sputnik|Weltraum
🚀	e	rocket	launch|rockets|space|travel	Rakete	All|Weltraum
🛸	e	flying saucer	aliens|extra|flying|saucer|terrestrial|UFO	fliegende Untertasse	Alien|Außerirdisch|UFO
🛎️	e	bellhop bell	bell|bellhop|hotel	Rezeptionsklingel	Klingel
🧳	e	luggage	bag|packing|roller|suitcase|travel	Gepäck	Ballast|Hartschalenkoffer|Koffer|Reise|Trolley-Tasche
⌛	e	hourglass done	done|hourglass|sand|time|timer	Sanduhr	Prozess|Vorgang läuft|Zeit
⏳	e	hourglass not done	done|flowing|hours|not|sand|timer|waiting|yolo	laufende Sanduhr	Prozess|Sanduhr|Vorgang läuft
⌚	e	watch	clock|time	Armbanduhr	Uhr|Zeit
⏰	e	alarm clock	alarm|clock|hours|hrs|late|time|waiting	Wecker	Uhr|Uhrzeit|Zeit
⏱️	e	stopwatch	clock|time	Stoppuhr	Uhr|Zeit
⏲️	e	timer clock	clock|timer	Zeitschaltuhr	Timer|Uhr
🕰️	e	mantelpiece clock	clock|mantelpiece|time	Kaminuhr	tick tack|Uhr
🕛	e	twelve o’clock	12|12:00|clock|o’clock|time|twelve	Ziffernblatt 12:00 Uhr	0 Uhr|12|12:00 Uhr|Mittag|Mitternacht|Uhr|Ziffernblatt 12.00 Uhr|zwölf Uhr
🕧	e	twelve-thirty	12|12:30|30|clock|thirty|time|twelve	12:30 Uhr	00:30|12:30|halb eins|Uhr|Zeit|Ziffernblatt 12:30 Uhr|Ziffernblatt 12.30 Uhr
🕐	e	one o’clock	1|1:00|clock|o’clock|one|time	1:00 Uhr	01:00|1|13:00|Punkt eins|Uhr|Zeit|Ziffernblatt 1:00 Uhr|Ziffernblatt 1.00 Uhr
🕜	e	one-thirty	1|1:30|30|clock|one|thirty|time	1:30 Uhr	1 Uhr 30|halb zwei|Uhr|Ziffernblatt 1:30 Uhr|Ziffernblatt 1.30 Uhr
🕑	e	two o’clock	2|2:00|clock|o’clock|time|two	2:00 Uhr	2|Uhr|Zeit|Ziffernblatt 2:00 Uhr|Ziffernblatt 2.00 Uhr
🕝	e	two-thirty	2|2:30|30|clock|thirty|time|two	2:30 Uhr	halb drei|Uhr|Zeit|Ziffernblatt 2:30 Uhr|Ziffernblatt 2.30 Uhr
🕒	e	three o’clock	3|3:00|clock|o’clock|three|time	3:00 Uhr	3|Uhr|Zeit|Ziffernblatt 3:00 Uhr|Ziffernblatt 3.00 Uhr
🕞	e	three-thirty	3|3:30|30|clock|thirty|three|time	3:30 Uhr	halb vier|Uhr|Ziffernblatt 3:30 Uhr|Ziffernblatt 3.30 Uhr
🕓	e	four o’clock	4|4:00|clock|four|o’clock|time	4:00 Uhr	4|Uhr|Zeit|Ziffernblatt 4:00 Uhr|Ziffernblatt 4.00 Uhr
🕟	e	four-thirty	30|4|4:30|clock|four|thirty|time	4:30 Uhr	04:30|16:30|halb fünf|Uhr|Zeit|Ziffernblatt 4:30 Uhr|Ziffernblatt 4.30 Uhr
🕔	e	five o’clock	5|5:00|clock|five|o’clock|time	5:00 Uhr	05:00|17:00|5|Punkt fünf|Uhr|Zeit|Ziffernblatt 5:00 Uhr|Ziffernblatt 5.00 Uhr
🕠	e	five-thirty	30|5|5:30|clock|five|thirty|time	5:30 Uhr	05:30|17:30|halb sechs|Uhr|Ziffernblatt 5:30 Uhr|Ziffernblatt 5.30 Uhr
🕕	e	six o’clock	6|6:00|clock|o’clock|six|time	6:00 Uhr	6|Uhr|Zeit|Ziffernblatt 6:00 Uhr|Ziffernblatt 6.00 Uhr
🕡	e	six-thirty	30|6|6:30|clock|six|thirty	6:30 Uhr	halb sieben|Uhr|Ziffernblatt 6.30 Uhr
🕖	e	seven o’clock	0|7|7:00|clock|o’clock|seven	7:00 Uhr	7|Uhr|Ziffernblatt 7:00 Uhr|Ziffernblatt 7.00 Uhr
🕢	e	seven-thirty	30|7|7:30|clock|seven|thirty	7:30 Uhr	halb acht|Uhr|Zeit|Ziffernblatt 7:30 Uhr|Ziffernblatt 7.30 Uhr
🕗	e	eight o’clock	8|8:00|clock|eight|o’clock|time	8:00 Uhr	8|Uhr|um 8|Zeit|Ziffernblatt 8:00 Uhr|Ziffernblatt 8.00 Uhr
🕣	e	eight-thirty	30|8|8:30|clock|eight|thirty|time	8:30 Uhr	halb neun|Uhr|Ziffernblatt 8:30 Uhr|Ziffernblatt 8.30 Uhr
🕘	e	nine o’clock	9|9:00|clock|nine|o’clock|time	9:00 Uhr	9|Uhr|Zeit|Ziffernblatt 9:00 Uhr|Ziffernblatt 9.00 Uhr
🕤	e	nine-thirty	30|9|9:30|clock|nine|thirty|time	9:30 Uhr	halb zehn|Uhr|Zeit|Ziffernblatt 9:30 Uhr|Ziffernblatt 9.30 Uhr
🕙	e	ten o’clock	0|10|10:00|clock|o’clock|ten	10:00 Uhr	10|Uhr|Zeit|Ziffernblatt 10:00 Uhr|Ziffernblatt 10.00 Uhr
🕥	e	ten-thirty	10|10:30|30|clock|ten|thirty|time	10:30 Uhr	halb elf|Uhr|Ziffernblatt 10:30 Uhr|Ziffernblatt 10.30 Uhr
🕚	e	eleven o’clock	11|11:00|clock|eleven|o’clock|time	11:00 Uhr	11|Uhr|Zeit|Ziffernblatt 11:00 Uhr|Ziffernblatt 11.00 Uhr
🕦	e	eleven-thirty	11|11:30|30|clock|eleven|thirty|time	11:30 Uhr	halb zwölf|Uhr|Zeit|Ziffernblatt 11:30 Uhr|Ziffernblatt 11.30 Uhr
🌑	e	new moon	dark|moon|new|space	Neumond	Mond
🌒	e	waxing crescent moon	crescent|dreams|moon|space|waxing	erstes Mondviertel	Mond|zunehmend
🌓	e	first quarter moon	first|moon|quarter|space	zunehmender Halbmond	Halbmond|Mond|zunehmend
🌔	e	waxing gibbous moon	gibbous|moon|space|waxing	zweites Mondviertel	Mond|zunehmend
🌕	e	full moon	full|moon|space	Vollmond	Mond
🌖	e	waning gibbous moon	gibbous|moon|space|waning	drittes Mondviertel	abnehmend|Mond
🌗	e	last quarter moon	last|moon|quarter|space	abnehmender Halbmond	abnehmend|Halbmond
🌘	e	waning crescent moon	crescent|moon|space|waning	letztes Mondviertel	abnehmend|Mond|Nacht
🌙	e	crescent moon	crescent|moon|ramadan|space	Mondsichel	Mond|Nacht
🌚	e	new moon face	face|moon|new|space	Neumond mit Gesicht	Gesicht|Mond|Mondgesicht|Neumond
🌛	e	first quarter moon face	face|first|moon|quarter|space	Mondsichel mit Gesicht links	Gesicht|Mond|Mondsichel|Weltall
🌜	e	last quarter moon face	dreams|face|last|moon|quarter	Mondsichel mit Gesicht rechts	Gesicht|Mondsichel|Nacht
🌡️	e	thermometer	weather	Thermometer	Temperatur|Wetter
☀️	e	sun	bright|rays|space|sunny|weather	Sonne	Sonnenstrahlen|sonnig|Strahlen|Wetter
🌝	e	full moon face	bright|face|full|moon	Vollmond mit Gesicht	Gesicht|Vollmond
🌞	e	sun with face	beach|bright|day|heat|shine|sunny|sunshine|weather	Sonne mit Gesicht	Gesicht|Sonne|Sonnengesicht|Sonnenschein
🪐	e	ringed planet	planet|ringed|saturn|saturnine	Ringplanet	Gasplanet|Himmelskörper|Planet|Saturn
⭐	e	star	astronomy|medium|stars|white	weißer mittelgroßer Stern	astronomie|gelber Stern|Himmel|Stern
🌟	e	glowing star	glittery|glow|glowing|night|shining|sparkle|star|win	funkelnder Stern	funkeln|glitzern|Stern
🌠	e	shooting star	falling|night|shooting|space|star	Sternschnuppe	Himmel
🌌	e	milky way	milky|space|way	Milchstraße	Galaxie|Universum
☁️	e	cloud	weather	Wolke	Wetter|wolkig
⛅	e	sun behind cloud	behind|cloud|cloudy|sun|weather	Sonne hinter Wolke	Sonne|Wolke|wolkig
⛈️	e	cloud with lightning and rain	cloud|lightning|rain|thunder|thunderstorm	Wolke mit Blitz und Regen	Blitz|Gewitter|Regen|Wetter|Wolke|wolkig
🌤️	e	sun behind small cloud	behind|cloud|sun|weather	Sonne hinter kleiner Wolke	bewölkt|kleine Wolke|Sonne|Wetter|Wolke
🌥️	e	sun behind large cloud	behind|cloud|sun|weather	Sonne hinter großer Wolke	bewölkt|große Wolke|Sonne|Wetter|Wolke
🌦️	e	sun behind rain cloud	behind|cloud|rain|sun|weather	Sonne hinter Regenwolke	Regenwolke|Sonne|Wetter
🌧️	e	cloud with rain	cloud|rain|weather	Wolke mit Regen	Regen|Regenwolke|Wetter|Wolke
🌨️	e	cloud with snow	cloud|cold|snow|weather	Wolke mit Schnee	kalt|Schnee|Wetter|Wolke
🌩️	e	cloud with lightning	cloud|lightning|weather	Wolke mit Blitz	Blitz|Gewitter|Wetter|Wolke
🌪️	e	tornado	cloud|weather|whirlwind	Wirbelsturm	Tornado|Wetter
🌫️	e	fog	cloud|weather	Nebel	neblig|Wetter
🌬️	e	wind face	blow|cloud|face|wind	Wind	Wetter|windig
🌀	e	cyclone	dizzy|hurricane|twister|typhoon|weather	Wirbel	Spirale|Wirbelsturm
🌈	e	rainbow	gay|genderqueer|glbt|glbtq|lesbian|nature|transgender|weather	Regenbogen	Wetter
🌂	e	closed umbrella	closed|clothing|rain|umbrella	geschlossener Regenschirm	Regen|Regenschirm
☂️	e	umbrella	clothing|rain	Regenschirm	Bekleidung|Regen|Wetter
☔	e	umbrella with rain drops	clothing|drop|drops|rain|umbrella|weather	Regenschirm im Regen	Regen|Regenschirm
⛱️	e	umbrella on ground	ground|rain|sun|umbrella	aufgestellter Sonnenschirm	aufgestellt|Sonnenschirm|Strand
⚡	e	high voltage	danger|electric|electricity|lightning|nature|thunder|thunderbolt|zap	Hochspannung	Blitz|Elektrizität|Gefahr|Gewitter|Hochspannungszeichen|Strom
❄️	e	snowflake	cold|snow|weather	Schneeflocke	Flocke|kalt|Schnee|schneien|Wetter|Winter
☃️	e	snowman	cold|man|snow	Schneemann im Schnee	Schnee|Schneemann
⛄	e	snowman without snow	cold|man|snow|snowman	Schneemann ohne Schneeflocken	kalt|Schnee|Schneemann|Winter
☄️	e	comet	space	Komet	Weltall
🔥	e	fire	af|burn|flame|hot|lit|litaf|tool	Feuer	brennen|Flamme|heiß
💧	e	droplet	cold|comic|nature|sad|sweat|tear|water|weather	Tropfen	Schweiß|Träne|Wasser|Wassertropfen
🌊	e	water wave	nature|ocean|surf|surfer|surfing|water|wave	Welle	Meer
🎃	e	jack-o-lantern	celebration|halloween|jack|lantern|pumpkin	Halloweenkürbis	Halloween|Herbst|Kürbis|Kürbislaterne
🎄	e	Christmas tree	celebration|Christmas|tree	Weihnachtsbaum	Baum|Tanne|Weihnachten
🎆	e	fireworks	boom|celebration|entertainment|yolo	Feuerwerk	Silvester
🎇	e	sparkler	boom|celebration|fireworks|sparkle	Wunderkerze	Feiern|Feuerwerk|Party
🧨	e	firecracker	dynamite|explosive|fire|fireworks|light|pop|popping|spark	Feuerwerkskörper	Dynamit|Explosion|explosiv|Funken|Knall|knallen|Knaller|Silvester
✨	e	sparkles	*|magic|sparkle|star	funkelnde Sterne	*|funkel|funkeln|Sterne
🎈	e	balloon	birthday|celebrate|celebration	Luftballon	Ballon|Feier|Geburtstag
🎉	e	party popper	awesome|birthday|celebrate|celebration|excited|hooray|tada|woohoo	Konfettibombe	Böller|Feier|juhu|Knaller|Konfetti|Party|super|yay
🎊	e	confetti ball	ball|celebrate|celebration|confetti|party|woohoo	Konfettiball	Feier|Konfetti|Party
🎋	e	tanabata tree	banner|celebration|Japanese|tanabata|tree	Tanabata-Baum	Baum|Fest|Japan|Sternenfest|Zettel
🎍	e	pine decoration	bamboo|celebration|decoration|Japanese|pine|plant	Piniendekoration	Japan|Neujahrsfest
🎎	e	Japanese dolls	celebration|doll|dolls|festival|Japanese	japanische Puppen	Puppenfest Japan
🎏	e	carp streamer	carp|celebration|streamer	traditionelle japanische Windsäcke	Feier|Karpfen|Windsäcke
🎐	e	wind chime	bell|celebration|chime|wind	japanisches Windspiel	Bimmel|Feier|Glocke|Wind
🎑	e	moon viewing ceremony	celebration|ceremony|moon|viewing	traditionelles Mondfest	Japan|Mond|Mondfest
🧧	e	red envelope	gift|good|hóngbāo|lai|luck|money|red|see	roter Umschlag	Geld|Geschenk|Glück|Hong Bao|Hongbao
🎀	e	ribbon	celebration	pinke Schleife	Feier|Geschenk|pink|rosa|Schleife
🎁	e	wrapped gift	birthday|bow|box|celebration|christmas|gift|present|surprise	Geschenk	Feier|Geburtstag|Schachtel|Schleife|Überraschung|verpackt|Weihnachten
🎗️	e	reminder ribbon	celebration|reminder|ribbon	Gedenkschleife	Schleife
🎟️	e	admission tickets	admission|ticket|tickets	Eintrittskarten	Billet|Eintrittskarte|Ticket
🎫	e	ticket	admission|stub	Ticket	Konzert|Unterhaltung
🎖️	e	military medal	award|celebration|medal|military	Militärorden	Orden
🏆	e	trophy	champion|champs|prize|slay|sport|victory|win|winning	Pokal	Bundesliga|Champion|gewinnen|Preis|Sieger|Sport|Trophäe
🏅	e	sports medal	award|gold|medal|sports|winner	Sportmedaille	Gewinn|Goldmedaille|Medaille
🥇	e	1st place medal	1st|first|gold|medal|place	Goldmedaille	Erster|Gewinn|Medaille 1. Platz
🥈	e	2nd place medal	2nd|medal|place|second|silver	Silbermedaille	Medaille 2. Platz|Zweiter
🥉	e	3rd place medal	3rd|bronze|medal|place|third	Bronzemedaille	Dritter|Medaille 3. Platz
⚽	e	soccer ball	ball|football|futbol|soccer|sport	Fußball	Ball|Bundesliga|Messi
⚾	e	baseball	ball|sport	Baseball	Ball
🥎	e	softball	ball|glove|sports|underarm	Softball	Ball|Baseball|Handschuh|Sport|Unterarm|werfen
🏀	e	basketball	ball|hoop|sport	Basketball	Ball|Korb|Sport
🏐	e	volleyball	ball|game	Volleyball	Ball|Sport
🏈	e	american football	american|ball|bowl|football|sport|super	Football	American Football|Amerika|Ball|Sport|Super Bowl
🏉	e	rugby football	ball|football|rugby|sport	Rugbyball	Ball|Rugby|Sport
🎾	e	tennis	ball|racquet|sport	Tennisball	Ball|Sport|Tennis
🥏	e	flying disc	disc|flying|ultimate	Frisbee	Disc|Disk|fliegende Untertasse|Scheibe|Ultimate
🎳	e	bowling	ball|game|sport|strike	Bowling	Bowlingkugel|Kugel|Spiel
🏏	e	cricket game	ball|bat|cricket|game	Kricket	Ball|Cricket|Schläger
🏑	e	field hockey	ball|field|game|hockey|stick	Feldhockey	Hockey|Schläger
🏒	e	ice hockey	game|hockey|ice|puck|stick	Eishockey	Eishockey-Schläger und Puck|Hockey|Puck|Schläger
🥍	e	lacrosse	ball|goal|sports|stick	Lacrosse	Ball|Schläger|Sport|Stick|Stock|Tor
🏓	e	ping pong	ball|bat|game|paddle|ping|pingpong|table|tennis	Tischtennis	Ball|Ping Pong|Schläger|Spiel|Sport
🏸	e	badminton	birdie|game|racquet|shuttlecock	Badminton	Federball|Schläger
🥊	e	boxing glove	boxing|glove	Boxhandschuh	Boxen|Handschuh|Sport
🥋	e	martial arts uniform	arts|judo|karate|martial|taekwondo|uniform	Kampfsportanzug	Judo|Kampfkunst|Kampfsport|Karate|Taekwondo
🥅	e	goal net	goal|net	Tor	Fußball|Netz|Sport
⛳	e	flag in hole	flag|golf|hole|sport	Golffahne	Golfplatz
⛸️	e	ice skate	ice|skate|skating	Schlittschuh	Eislauf
🎣	e	fishing pole	entertainment|fish|fishing|pole|sport	Angel mit Fisch	Angeln|Entspannung
🤿	e	diving mask	diving|mask|scuba|snorkeling	Tauchmaske	schnorcheln|schwimmen|Sport|Sporttauchen|tauchen
🎽	e	running shirt	athletics|running|sash|shirt	Laufshirt	Laufen|Laufshirt mit Schärpe|Schärpe|Sport
🎿	e	skis	ski|snow|sport	Ski	Ski und Stöcke
🛷	e	sled	luge|sledge|sleigh|snow|toboggan	Schlitten	Rodel|Rodeln|Schnee
🥌	e	curling stone	curling|game|rock|stone	Curlingstein	Spiel|Sport|Stein
🎯	e	bullseye	bull|dart|direct|entertainment|game|hit|target	Darts	Dart|Pfeil|Spiel|Volltreffer|Zielscheibe
🪀	e	yo-yo	fluctuate|toy	Jo-Jo	Spielzeug|Yo-Yo
🪁	e	kite	fly|soar	Drachen	fliegen|hochfliegen|steigen|Wind
🔫	e	water pistol	gun|handgun|pistol|revolver|tool|water|weapon	Wasserpistole	Pistole|Revolver|Waffe
🎱	e	pool 8 ball	8|8ball|ball|billiard|eight|game|pool	Billardkugel	8-Ball|Billard|Kugel|schwarz|Spiel
🔮	e	crystal ball	fairy|fairytale|fantasy|fortune|future|magic|tale|tool	Kristallkugel	Wahrsager|Zukunft
🪄	e	magic wand	magic|magician|wand|witch|wizard	Zauberstab	Abrakadabra|Hexe|Hexer|Magie|magisch|Zauberer|Zauberin|zaubern
🎮	e	video game	controller|entertainment|game|video	Gamepad	Gaming|Unterhaltung|Videospiel
🕹️	e	joystick	game|video|videogame	Joystick	Gaming|Videospiel
🎰	e	slot machine	casino|gamble|gambling|game|machine|slot|slots	Spielautomat	Glücksspiel|Spiel
🎲	e	game die	dice|die|entertainment|game	Spielwürfel	Casino|Spiel|Unterhaltung|Würfel|würfeln|Zufall
🧩	e	puzzle piece	clue|interlocking|jigsaw|piece|puzzle	Puzzleteil	Bestandteile|Hinweise|Hobby|passen|puzzeln|Puzzlestück|Puzzleteile|Spiel
🧸	e	teddy bear	bear|plaything|plush|stuffed|teddy|toy	Teddybär	Bär|Kuscheltier|Plüschteddy|Plüschtier|Spielwaren|Spielzeug|Stoffbär|Stofftier
🪅	e	piñata	candy|celebrate|celebration|cinco|de|festive|mayo|party	Piñata	Feier|Hau drauf|mexikanisch|Mexiko|Objekt|Party|Pinada|süß
🪩	e	mirror ball	ball|dance|disco|glitter|mirror|party	Discokugel	Disco|Lichtreflexe|Party|Spiegel|Spiegelkugel|Tanz|tanzen
🪆	e	nesting dolls	babooshka|baboushka|babushka|doll|dolls|matryoshka|nesting|russia	Matroschka	Babuschka|Matrioschka|Matrjoschka|Puppe|Russland|Spielzeug
♠️	e	spade suit	card|game|spade|suit	Pik	Karten|Kartenspiel
♥️	e	heart suit	card|emotion|game|heart|hearts|suit	Herz	Kartenspiel
♦️	e	diamond suit	card|diamond|game|suit	Karo	Kartenspiel
♣️	e	club suit	card|club|clubs|game|suit	Kreuz	Kartenspiel
♟️	e	chess pawn	chess|dupe|expendable|pawn	Bauer Schach	Schach
🃏	e	joker	card|game|wildcard	Jokerkarte	Joker|Spielkarte
🀄	e	mahjong red dragon	dragon|game|mahjong|red	Mahjong-Stein	Mahjong|roter Drache|Spiel
🎴	e	flower playing cards	card|cards|flower|game|Japanese|playing	japanische Blumenkarte	Blume|Blumenkarte|Hanafuda|Japan|Karte
🎭	e	performing arts	actor|actress|art|entertainment|mask|theater|theatre|thespian	Masken	Kunst|Theater|Unterhaltung
🖼️	e	framed picture	art|frame|framed|museum|painting|picture	gerahmtes Bild	Bild|Gemälde|Kunst|malen|Rahmen|zeichnen|Zeichnung
🎨	e	artist palette	artsy|arty|colorful|creative|entertainment|museum|painter|painting	Mischpalette	Farben|Kunst|Künstler|Palette
🧵	e	thread	needle|sewing|spool|string	Faden	Nadel|nähen|Nähfaden|Nähgarn|Rolle|Spule|Zwirn
🪡	e	sewing needle	embroidery|needle|sew|sewing|stitches|sutures|tailoring|thread	Nähnadel	einfädeln|Faden|Nadel|Nadel und Faden|nähen|Nähte|schneidern|Stiche
🧶	e	yarn	ball|crochet|knit	Wollknäuel	Ball|Garn|häkeln|spinnen|stricken|Wolle|Zwirn
🪢	e	knot	cord|rope|tangled|tie|twine|twist	Knoten	Achterknoten|binden|Schnur|Schnürsenkel|Seemansknoten|Segelboot|segeln|Seil
👓	e	glasses	clothing|eye|eyeglasses|eyewear	Brille	Accessoire
🕶️	e	sunglasses	dark|eye|eyewear|glasses	Sonnenbrille	Augen|Brille|dunkel
🥽	e	goggles	dive|eye|protection|scuba|swimming|welding	Schutzbrille	Augenschutz|Brille|schweißen|Schweißerbrille|schwimmen|tauchen|Taucherbrille
🥼	e	lab coat	clothes|doctor|dr|experiment|jacket|lab|scientist|white	Laborkittel	Arzt|Arztkittel|Doc|Doktor|Experiment|Kleidung|Kleidungsstück|Wissenschaftler
🦺	e	safety vest	emergency|safety|vest	Sicherheitsweste	Kleidung|Notfall|Sicherheit|Weste
👔	e	necktie	clothing|employed|serious|shirt|tie	Hemd mit Krawatte	Hemd|Kleidung|Kragen|Schlips
👕	e	t-shirt	blue|casual|clothes|clothing|collar|dressed|shopping|weekend	T-Shirt	Kleidung|Shirt
👖	e	jeans	blue|casual|clothes|clothing|dressed|pants|shopping|weekend	Jeans	Hose|Kleidung
🧣	e	scarf	bundle|cold|neck|up	Schal	Hals|kalt|Kleidung|warm anziehen
🧤	e	gloves	hand	Handschuhe	Hand|Handschuh
🧥	e	coat	brr|bundle|cold|jacket|up	Mantel	brr|Jacke|kalt|Kleidung|warm anziehen
🧦	e	socks	stocking	Socken	strumpf|strümpfe
👗	e	dress	clothes|clothing|dressed|fancy|shopping	Kleid	Kleidung
👘	e	kimono	clothing|comfortable	Kimono	japanisch|Kleid|Kleidung
🥻	e	sari	clothing|dress	Sari	Kleid|Kleidung
🩱	e	one-piece swimsuit	bathing|one-piece|suit|swimsuit	einteiliger Badeanzug	Badeanzug|Kleidung
🩲	e	briefs	bathing|one-piece|suit|swimsuit|underwear	Slip	Badeanzug|Einteiler|Kleidung|Unterwäsche
🩳	e	shorts	bathing|pants|suit|swimsuit|underwear	Shorts	Badebekleidung|Badehose|Boxershorts|Kleidung|Schwimmshorts
👙	e	bikini	bathing|beach|clothing|pool|suit|swim	Bikini	Badeanzug|Kleidung
👚	e	woman’s clothes	blouse|clothing|collar|dress|dressed|lady|shirt|shopping	Bluse	Damenmode|Kleidung|Oberbekleidung|Shirt
🪭	e	folding hand fan	clack|clap|cool|dance|flirt|flutter|hot|shy	Faltfächer	Abkühlung|Fächer|flirten|heiß|kühlen|Luft zufächeln|schüchtern|Tanz
👛	e	purse	clothes|clothing|coin|dress|fancy|handbag|shopping	Geldbörse	Accessoire|Brieftasche|Münzen|Portemonnaie
👜	e	handbag	bag|clothes|clothing|dress|lady|purse|shopping	Handtasche	Accessoire|einkaufen|Tasche
👝	e	clutch bag	bag|clothes|clothing|clutch|dress|handbag|pouch|purse	Clutch	Accessoire|Beutel|Handtasche|Kulturbeutel|Tasche|Waschtasche
🛍️	e	shopping bags	bag|bags|hotel|shopping	Einkaufstüten	einkaufen|shoppen|Shopping|Tasche|Tüte
🎒	e	backpack	backpacking|bag|bookbag|education|rucksack|satchel|school	Schulranzen	Ranzen|Rucksack|Schule|Tornister
🩴	e	thong sandal	beach|flip|flop|sandal|sandals|shoe|thongs|zōri	Zehensandale	Badelatschen|Flipflops|Latschen|Sandalen|Schuh|Strandschuh|Zehensandalen
👞	e	man’s shoe	brown|clothes|clothing|feet|foot|kick|shoes|shopping	Herrenschuh	gehen|Herren|Schuh
👟	e	running shoe	athletic|clothes|clothing|fast|kick|shoes|shopping|tennis	Sportschuh	laufen|rennen|Schuh|Sneaker|sportlich|Turnschuh
🥾	e	hiking boot	backpacking|boot|brown|camping|hiking|outdoors|shoe	Wanderstiefel	brauner Schuh|campen|Camping|Kleidungsstück|Outdoor|Schuh|Stiefel|Wandern
🥿	e	flat shoe	ballet|comfy|flat|flats|shoe|slip-on|slipper	flacher Schuh	Ballerina|Ballet-Pumps|bequem|Frauenschuh|Kleidungsstück|Schuh|Slipper
👠	e	high-heeled shoe	clothes|clothing|dress|fashion|heels|shoes|shopping|woman	Stöckelschuh	Absatz|Absatzschuh|Damen|elegant|High Heel|rot|Schuh|vornehm
👡	e	woman’s sandal	clothing|sandal|shoe|woman|woman’s	Damensandale	Damen|Sandale|Schuh
🩰	e	ballet shoes	ballet|dance|shoes	Ballettschuhe	Ballett|Kleidung|Schuhe|Tanz
👢	e	woman’s boot	clothes|clothing|dress|shoe|shoes|shopping|woman|woman’s	Damenstiefel	Damen|Schuh|Stiefel
🪮	e	hair pick	Afro|comb|groom|hair|pick	Haarkamm	afro|Afro Pick|Haare|Kamm|kämmen
👑	e	crown	clothing|family|king|medieval|queen|royal|royalty|win	Krone	König|Königin|Kopfbedeckung|Majestät
👒	e	woman’s hat	clothes|clothing|garden|hat|hats|party|woman|woman’s	Damenhut	Damenhut mit Schleife|Hut|Kleidung|Kopfbedeckung|Schleife
🎩	e	top hat	clothes|clothing|fancy|formal|hat|magic|top|tophat	Zylinder	Hut|Kopfbedeckung|Unterhaltung|Zauberer|Zylinderhut
🎓	e	graduation cap	cap|celebration|clothing|education|graduation|hat|scholar	Doktorhut	Abschlussfeier|Diplom
🧢	e	billed cap	baseball|bent|billed|cap|dad|hat	Baseballmütze	Baseball|Baseball-Kappe|Baseball-mütze|Baseballkappe|Mütze|Schirmkappe
🪖	e	military helmet	army|helmet|military|soldier|war|warrior	Militärhelm	Armee|Heer|Helm|Kämpfer|Kämpferin|Krieg|Schutzhelm|Soldat
⛑️	e	rescue worker’s helmet	aid|cross|face|hat|helmet|rescue|worker’s	Rettungshelm	bergen|erste Hilfe|Helm|Helm mit weißem Kreuz|Hilfe|Kreuz|retten|roter Helm
📿	e	prayer beads	beads|clothing|necklace|prayer|religion	Gebetskette	beten|Gebet|Kette|Religion|Rosenkranz
💄	e	lipstick	cosmetics|date|makeup	Lippenstift	Kosmetik|Make-up|makeup|Rot|Schminke
💍	e	ring	diamond|engaged|engagement|married|romance|shiny|sparkling|wedding	Ring	Diamantring|Edelstein|Schmuck|Verlobung
💎	e	gem stone	diamond|engagement|gem|jewel|money|romance|stone|wedding	Edelstein	Diamant
🔇	e	muted speaker	mute|muted|quiet|silent|sound|speaker	durchgestrichener Lautsprecher	leise|psst|stumm|stummgeschaltet
🔈	e	speaker low volume	low|soft|sound|speaker|volume	Lautsprecher mit geringer Lautstärke	eingeschaltet|Ton an
🔉	e	speaker medium volume	medium|sound|speaker|volume	Lautsprecher mit mittlerer Lautstärke	Lautsprecher mit einer Schallwelle|leise|mittellaut|Ton
🔊	e	speaker high volume	high|loud|music|sound|speaker|volume	Lautsprecher mit hoher Lautstärke	Dezibel|laut|Lautsprecher mit drei Schallwellen|Musik|Schallwellen
📢	e	loudspeaker	address|communication|loud|public|sound	Lautsprecher	Megafon|Schallendes Megafon
📣	e	megaphone	cheering|sound	Megafon	Jubel|Lautsprecher
📯	e	postal horn	horn|post|postal	Posthorn	Brief|E-Mail|Post
🔔	e	bell	break|church|sound	Glocke	ding dong|Klingeling|Ton eingeschaltet
🔕	e	bell with slash	forbidden|mute|no|not|prohibited|quiet|silent|sound	durchgestrichene Glocke	Glocke|kein ton|leise|Ton ausgeschaltet
🎼	e	musical score	music|musical|note|score	Notenschlüssel	Musik|Noten|Partitur|Violinschlüssel
🎵	e	musical note	music|musical|note|sound	Musiknote	Lied|Melodie|Musik|Note
🎶	e	musical notes	music|musical|note|notes|sound	Musiknoten	Musik|Noten
🎙️	e	studio microphone	mic|microphone|music|studio	Studiomikrofon	Mikrofon
🎚️	e	level slider	level|music|slider	Schieberegler	Musik
🎛️	e	control knobs	control|knobs|music	Drehregler	Bedienknöpfe|Knöpfe|Stellknöpfe
🎤	e	microphone	karaoke|mic|music|sing|sound	Mikrofon	Karaoke|Singen|Unterhaltung
🎧	e	headphone	earbud|sound	Kopfhörer	Musik|Unterhaltung
📻	e	radio	entertainment|tbt|video	Radio	Musik
🎷	e	saxophone	instrument|music|sax	Saxofon	Instrument|Musik|Musikinstrument
🎺	e	trumpet	instrument|music	Trompete	Instrument|Musik|Musikinstrument
🪗	e	accordion	box|concertina|instrument|music|squeeze|squeezebox	Akkordeon	Akkordeons|Concertina|Harmonika|Instrument|Musik|Musikinstrument|Quetschkommode|spielen
🎸	e	guitar	instrument|music|strat	Gitarre	Instrument|Musik|Musikinstrument
🎹	e	musical keyboard	instrument|keyboard|music|musical|piano	Klaviatur	Instrument|Klavier|Musik|Musikinstrument|Piano|Tastatur|Tasten
🎻	e	violin	instrument|music	Geige	Instrument|Musik|Musikinstrument|Violine
🪕	e	banjo	music|stringed	Banjo	Instrument|Musik|Saiteninstrument|Zupfinstrument
🥁	e	drum	drumsticks|music	Trommel	Drumsticks|Instrument|Musik|Schlägel|Sticks|Trommelstöcke
🪘	e	long drum	beat|conga|drum|instrument|long|rhythm	afrikanische Trommel	Conga|Handtrommel|Instrument|Musikinstrument|Rhythmus|Trommel|trommeln
🪇	e	maracas	cha|dance|instrument|music|party|percussion|shake|shaker	Maracas	Cha-Cha-Cha|Instrument|Musik|Musikinstrument|musizieren|Party|Tanz|tanzen
🪈	e	flute	band|fife|flautist|instrument|marching|music|orchestra|piccolo	Flöte	Band|Blaskapelle|Holzblasinstrument|Instrument|Musik|Musikinstrument|musizieren|Orchester
📱	e	mobile phone	cell|communication|mobile|phone|telephone	Mobiltelefon	Handy|iPhone|Smartphone|telefonieren
📲	e	mobile phone with arrow	arrow|build|call|cell|communication|phone|receive|telephone	Mobiltelefon mit Pfeil	Anruf|Anrufen|Handy|iPhone|Kommunikation|Mobiltelefon|Pfeil|WhatsApp
☎️	e	telephone	phone	Telefon	Anruf|anrufen|Festnetz
📞	e	telephone receiver	communication|phone|receiver|telephone|voip	Telefonhörer	anrufen|Hörer|Kommunikation|Telefon
📟	e	pager	communication	Pager	Kommunikation|Piepser
📠	e	fax machine	communication|fax|machine	Faxgerät	Fax|Kommunikation
🔋	e	battery		Batterie	Akku
🪫	e	low battery	battery|drained|electronic|energy|low|power	schwache Batterie	Akku|Akku fast leer|Akku leer|aufladen|Batterie fast leer|Batterie leer|Elektronik|Ladestand
🔌	e	electric plug	electric|electricity|plug	Netzstecker	Stecker|Stromstecker
💻	e	laptop	computer|office|pc|personal	Laptop	Bildschirm|Computer|Computermonitor|Monitor|Notebook|PC
🖥️	e	desktop computer	computer|desktop|monitor	Desktopcomputer	Bildschirm|Computer|Desktop|iMac|Monitor
🖨️	e	printer	computer	Drucker	Computer
⌨️	e	keyboard	computer	Tastatur	Computer|Keyboard
🖱️	e	computer mouse	computer|mouse	Computermaus	Computer|Maus
🖲️	e	trackball	computer	Trackball	Computer
💽	e	computer disk	computer|disk|minidisk|optical	Minidisc	MD|Minidisk
💾	e	floppy disk	computer|disk|floppy	Diskette	Datenträger
💿	e	optical disk	blu-ray|CD|computer|disk|dvd|optical	CD	Blu-Ray|DVD
📀	e	dvd	Blu-ray|cd|computer|disk|optical	DVD	blu-ray|CD|computer
🧮	e	abacus	calculation|calculator	Abakus	Abaki|Abakusse|Berechnung|Kalkulation|Mathe|Mathematik|Rechenhilfe|Rechenrahmen
🎥	e	movie camera	bollywood|camera|cinema|film|hollywood|movie|record	Filmkamera	Film|Kino|Unterhaltung
🎞️	e	film frames	cinema|film|frames|movie	Filmstreifen	Film|Filmband|Kino
📽️	e	film projector	cinema|film|movie|projector|video	Filmprojektor	Kino|Unterhaltung
🎬	e	clapper board	action|board|clapper|movie	Filmklappe	Film|Klappe|Unterhaltung
📺	e	television	tv|video	Fernseher	Fernsehen|Film|TV
📷	e	camera	photo|selfie|snap|tbt|trip|video	Fotoapparat	Fotos|Kamera
📸	e	camera with flash	camera|flash|video	Fotoapparat mit Blitz	Blitz|Fotoapparat
📹	e	video camera	camcorder|camera|tbt|video	Videokamera	filmen|Videos
📼	e	videocassette	old|school|tape|vcr|vhs|video	Videokassette	vhs|Video
🔍	e	magnifying glass tilted left	glass|lab|left|left-pointing|magnifying|science|search|tool	Lupe nach links	Suche|Vergrößerungsglas
🔎	e	magnifying glass tilted right	contact|glass|lab|right|right-pointing|science|search|tool	Lupe nach rechts	Lupe|Suche|Vergrößerungsglas
🕯️	e	candle	light	Kerze	Licht
💡	e	light bulb	bulb|comic|electric|idea|light	Glühbirne	hell|Idee|Lampe|Licht
🔦	e	flashlight	electric|light|tool|torch	Taschenlampe	Lampe|Licht
🏮	e	red paper lantern	bar|lantern|light|paper|red|restaurant	rote Papierlaterne	Izakaya|Japanische Laterne|japanisches Lokal
🪔	e	diya lamp	diya|lamp|light|oil	Öllampe	Diya|Lampe|Öl
📔	e	notebook with decorative cover	book|cover|decorated|decorative|education|notebook|school|writing	Notizbuch mit dekorativem Einband	Einband|Notizbuch
📕	e	closed book	book|closed|education	geschlossenes Buch	Buch|geschlossen
📖	e	open book	book|education|fantasy|knowledge|library|novels|open|reading	offenes Buch	Bibliothek|blättern|Buch|geöffnet|lernen|lesen|offen|Seite
📗	e	green book	book|education|fantasy|green|library|reading	grünes Buch	Buch|grün|lesen
📘	e	blue book	blue|book|education|fantasy|library|reading	blaues Buch	blau|Buch
📙	e	orange book	book|education|fantasy|library|orange|reading	orangefarbenes Buch	Buch|orangefarben
📚	e	books	education|fantasy|knowledge|library|novels|reading|school|study	Bücherstapel	Bücher|Fantasie|lesen|Roman
📓	e	notebook		Notizbuch	Notizen
📒	e	ledger	notebook	Spiralblock	Notizblock
📃	e	page with curl	curl|document|page|paper	teilweise eingerolltes Blatt	Dokument|Papier|Seite
📜	e	scroll	paper	Schriftrolle	Papier
📄	e	page facing up	document|facing|page|paper|up	Vorderseite eines Blattes	Dokument|Papier|Seite
📰	e	newspaper	communication|news|paper	Zeitung	Medien|Nachrichten|Presse
🗞️	e	rolled-up newspaper	news|newspaper|paper|rolled|rolled-up	zusammengerollte Zeitung	Zeitung|zusammengerollt
📑	e	bookmark tabs	bookmark|mark|marker|tabs	Pagemarker	Notizen
🔖	e	bookmark	mark	Lesezeichen	Etikett|Lesen
🏷️	e	label	tag	Etikett	Label|Marke
🪙	e	coin	dollar|euro|gold|metal|money|rich|silver|treasure	Münze	bezahlen|Dollar|Euro|Geld|Gold|reich|Schatz|Silber
💰	e	money bag	bank|billion|cash|dollar|gold|pot|rich|win	Geldsack	Geld|Moneten|reich|Sack
💴	e	yen banknote	bank|banknote|bill|currency|money|note|yen	Yen-Banknote	Geld|Geldschein|Yen
💵	e	dollar banknote	bank|banknote|bill|currency|dollar|money|note	Dollar-Banknote	Dollar|Geld|Geldschein|Währung
💶	e	euro banknote	100|bank|banknote|bill|currency|money|note|rich	Euro-Banknote	Euro|Euroschein|Geld|Geldschein
💷	e	pound banknote	bank|bill|billion|cash|currency|money|note|pounds	Pfund-Banknote	Geld|Geldschein|Pfund
💸	e	money with wings	bank|banknote|bill|billion|cash|dollar|fly|note	Geldschein mit Flügeln	Bank|Euro|Geld|Knete|Moneten
💳	e	credit card	bank|card|cash|charge|credit|money|pay	Kreditkarte	Bankkarte|EC-Karte|Geldkarte|Guthaben|Karte
🧾	e	receipt	accounting|bookkeeping|evidence|invoice|proof	Beleg	Abrechnung|Aufstellung|Blatt|Buchhalter|Buchhaltung|Quittung|Rechnung|Rechnungswesen
💹	e	chart increasing with yen	bank|currency|graph|growth|money|rise|trend|upward	steigende Kurve mit Yen-Zeichen	Diagramm|Markt|Steigender Trend mit Yen-Zeichen
✉️	e	envelope	e-mail|email|letter	Briefumschlag	Brief|E-Mail
📧	e	e-mail	email|letter|mail	E-Mail	Brief|E-Mail-Symbol|Post
📨	e	incoming envelope	delivering|e-mail|email|envelope|letter|mail|receive|sent	eingehender Briefumschlag	E-Mail|empfangen|Umschlag
📩	e	envelope with arrow	communication|down|e-mail|email|letter|mail|outgoing|sent	Umschlag mit Pfeil	E-Mail|gesendet
📤	e	outbox tray	box|email|letter|mail|outbox|sent|tray	Postausgang	Ablage|E-Mail
📥	e	inbox tray	box|email|inbox|letter|mail|receive|tray|zero	Posteingang	Ablage|E-Mail
📦	e	package	box|communication|delivery|parcel|shipping	Paket	Päckchen
📫	e	closed mailbox with raised flag	closed|communication|flag|mail|mailbox|postbox|raised	geschlossener Briefkasten mit Post	Briefkasten|E-Mail|geschlossen|Post
📪	e	closed mailbox with lowered flag	closed|flag|lowered|mail|mailbox|postbox	geschlossener Briefkasten ohne Post	Briefkasten|geschlossen|keine E-Mail|keine Post|Post
📬	e	open mailbox with raised flag	flag|mail|mailbox|open|postbox|raised	offener Briefkasten mit Post	Briefkasten|E-Mail|offen|Post
📭	e	open mailbox with lowered flag	flag|lowered|mail|mailbox|open|postbox	offener Briefkasten ohne Post	Briefkasten|keine E-Mail|keine Post|offen|Post
📮	e	postbox	mail|mailbox	Briefkasten	Brief|Post
🗳️	e	ballot box with ballot	ballot|box	Urne mit Wahlzettel	Urne|Wahlen|Wahlzettel
✏️	e	pencil		Bleistift	Stift
✒️	e	black nib	black|nib|pen	schwarzer Federhalter	Federhalter|Füller|schwarz|Stift
🖋️	e	fountain pen	fountain|pen	Füllhalter	Füller|Füllfedehalter|Füllfederhalter|schreiben|Stift
🖊️	e	pen	ballpoint	Kugelschreiber	Stift
🖌️	e	paintbrush	painting	Pinsel	Kunst|malen
🖍️	e	crayon		Wachsmalstift	Buntstift|Filzstift
📝	e	memo	communication|media|notes|pencil	Papier und Bleistift	Bleistift|Kurzmitteilung|Nachricht|Notiz|Papier|Schreibblock|schreiben
💼	e	briefcase	office	Aktentasche	Tasche
📁	e	file folder	file|folder	Ordner	Akten|Büro|Dokument|geschlossen
📂	e	open file folder	file|folder|open	geöffneter Ordner	Dokument|offen|Ordner
🗂️	e	card index dividers	card|dividers|index	Karteireiter	Akten|Büro|Büroausstattung|Büromaterial|Karteibahnen|Karteikarten
📅	e	calendar	date	Kalender	Datum|Kalenderblatt
📆	e	tear-off calendar	calendar|tear-off	Abreißkalender	Datum|Kalender|Termin
🗒️	e	spiral notepad	note|notepad|pad|spiral	Notizblock	Block|Notiz|Papier
🗓️	e	spiral calendar	calendar|pad|spiral	Spiralkalender	Kalender
📇	e	card index	card|index|old|rolodex|school	Rotationskartei	Visitenkarten
📈	e	chart increasing	chart|data|graph|growth|right|trend|up|upward	Aufwärtstrend	Diagramm|Kurve|steigend
📉	e	chart decreasing	chart|data|decreasing|down|downward|graph|negative|trend	Abwärtstrend	Diagramm|fallend|Kurve
📊	e	bar chart	bar|chart|data|graph	Balkendiagramm	Balken|Diagramm
📋	e	clipboard	do|list|notes	Klemmbrett	Clipboard|Clpboard|Zwischenablage
📌	e	pushpin	collage|pin	Reißzwecke	anpinnen
📍	e	round pushpin	location|map|pin|pushpin|round	Stecknadel	anpinnen|Reißzwecke|rund|runde Reißzwecke
📎	e	paperclip		Büroklammer	
🖇️	e	linked paperclips	link|linked|paperclip|paperclips	verhakte Büroklammern	Büroklammer|Büroklammern|verhakt
📏	e	straight ruler	angle|edge|math|ruler|straight|straightedge	Lineal	
📐	e	triangular ruler	angle|math|rule|ruler|set|slide|triangle|triangular	dreieckiges Lineal	Geodreieck|Lineal
✂️	e	scissors	cut|cutting|paper|tool	Schere	schneiden|schnipp
🗃️	e	card file box	box|card|file	Karteikasten	Büroausstattung|Büromaterial
🗄️	e	file cabinet	cabinet|file|filing|paper	Aktenschrank	Ablage|Archiv|Schublade
🗑️	e	wastebasket	can|garbage|trash|waste	Papierkorb	Abfalleimer
🔒	e	locked	closed|lock|private	geschlossenes Schloss	Datenschutz|geschlossen|Schloss|Sicherheit
🔓	e	unlocked	cracked|lock|open|unlock	offenes Schloss	nicht gesichert|offen|Schloss
🔏	e	locked with pen	ink|lock|locked|nib|pen|privacy	Schloss mit Füller	Datenschutz|privat|Sicherheit
🔐	e	locked with key	bike|closed|key|lock|locked|secure	Schloss mit Schlüssel	Datenschutz|privat|Sicherheit
🔑	e	key	keys|lock|major|password|unlock	Schlüssel	Passwort|schließen
🗝️	e	old key	clue|key|lock|old	alter Schlüssel	alt|Schloss|Schlüssel
🔨	e	hammer	home|improvement|repairs|tool	Hammer	Werkzeug
🪓	e	axe	ax|chop|hatchet|split|wood	Axt	Beil|hacken|Holz|spalten|Werkzeug
⛏️	e	pick	hammer|mining|tool	Pickel	Werkzeug
⚒️	e	hammer and pick	hammer|pick|tool	Hammer und Pickel	Arbeiter|Hammer|Pickel|Werkzeug
🛠️	e	hammer and wrench	hammer|spanner|tool|wrench	Hammer und Schraubenschlüssel	Hammer|Schraubenschlüssel|Werkzeug
🗡️	e	dagger	knife|weapon	Dolch	Schwert|Waffe
⚔️	e	crossed swords	crossed|swords|weapon	gekreuzte Schwerter	gekreuzt|Schwerter|Waffe
💣	e	bomb	boom|comic|dangerous|explosion|hot	Bombe	Comic|Dynamit|Explodieren
🪃	e	boomerang	rebound|repercussion|weapon	Bumerang	Aborigines|Australien|Boomerang|Schleuder|Waffe|werfen
🏹	e	bow and arrow	archer|archery|arrow|bow|Sagittarius|tool|weapon|zodiac	Pfeil und Bogen	Bogen|Pfeil
🛡️	e	shield	weapon	Schutzschild	Schild
🪚	e	carpentry saw	carpenter|carpentry|cut|lumber|saw|tool|trim	Handsäge	Holz|Säge|sägen|Tischler|trimmen|Werkzeug
🔧	e	wrench	home|improvement|spanner|tool	Schraubenschlüssel	Werkzeug
🪛	e	screwdriver	flathead|handy|screw|tool	Schraubenzieher	Schraube|schrauben|Schraubendreher|Werkzeug
🔩	e	nut and bolt	bolt|home|improvement|nut|tool	Mutter und Schraube	Schraube
⚙️	e	gear	cog|cogwheel|tool	Zahnrad	Werkzeug
🗜️	e	clamp	compress|tool|vice	Schraubzwinge	Werkzeug
⚖️	e	balance scale	balance|justice|Libra|scale|scales|tool|weight|zodiac	Waage	Gerechtigkeit|Gewicht|Werkzeug|wiegen
🦯	e	white cane	accessibility|blind|cane|probing|white	Blindenstock	Barrierefreiheit|Behinderung|blind|Gehstock
🔗	e	link	links	Linksymbol	Kettenglieder|verknüpfen|Verknüpfung|Verknüpfungssymbol|zwei Ringe
⛓️‍💥	e	broken chain	break|breaking|broken|chain|cuffs|freedom	gebrochene Kette	brechen|Freiheit|gebrochen|Handschellen|Kette|zerbrechen
⛓️	e	chains	chain	Ketten	Eisen|Kette
🪝	e	hook	catch|crook|curve|ensnare|point|selling	Haken	Angelhaken|aufhaken|aufhängen|einhaken|hängen|Metallhaken
🧰	e	toolbox	box|chest|mechanic|red|tool	Werkzeugkasten	Box|Handkasten|Kasten|Kiste|Mechaniker|rote Kiste|Werkzeugkiste|Werkzeugkoffer
🧲	e	magnet	attraction|horseshoe|magnetic|negative|positive|shape|u	Magnet	Anziehung|Anziehungskraft|Hufeisen|magnetisch|Pole|positiv negativ|U-Form
🪜	e	ladder	climb|rung|step	Leiter	hochsteigen|Holzleiter|klettern|Sprosse|Stufe
⚗️	e	alembic	chemistry|tool	Destillierapparat	Werkzeug
🧪	e	test tube	chemist|chemistry|experiment|lab|science|test|tube	Reagenzglas	Chemie|Chemikalie|Chemiker|Experiment|Labor|Substanz|Versuche|Wissenschaft
🧫	e	petri dish	bacteria|biologist|biology|culture|dish|lab|petri	Petrischale	Bakterien|Bakterienkultur|Biologe|Biologie|Biologin|Kultur|Labor|Pipette
🧬	e	dna	biologist|evolution|gene|genetics|life	DNA	Biologe|Biologie|Biologin|DNS|Evolution|Gen|Genetik|Genmanipulation
🔬	e	microscope	experiment|lab|science|tool	Mikroskop	Labor|untersuchen|Wissenschaft
🔭	e	telescope	contact|extraterrestrial|science|tool	Teleskop	Himmel
📡	e	satellite antenna	aliens|antenna|contact|dish|satellite|science	Satellitenschüssel	Antenne|Sat-Schüssel|Satschüssel|Schüssel
💉	e	syringe	doctor|flu|medicine|needle|shot|sick|tool|vaccination	Spritze	Arzt|impfen|Impfung|Injektion|Kanüle|Nadel
🩸	e	drop of blood	bleed|blood|donation|drop|injury|medicine|menstruation	Blutstropfen	Blutspende|Flüssigkeit|Medizin|Menstruation
💊	e	pill	doctor|drugs|medicated|medicine|pills|sick|vitamin	Kapsel	Arznei|Arzt|Medizin|Pille|Tabletten
🩹	e	adhesive bandage	adhesive|bandage	Heftpflaster	Pflaster|verletzt|Wunde
🩼	e	crutch	aid|cane|disability|help|hurt|injured|mobility|stick	Krücke	Behinderung|Beinverletzung|Fußverletzung|Hilfe|Schmerzen|Stock|verletzt|Verletzung
🩺	e	stethoscope	doctor|heart|medicine	Stethoskop	abhören|Arzt|Doktor|Herz|Herzschlag|Medizin|Untersuchung
🩻	e	x-ray	bones|doctor|medical|skeleton|skull|xray	Röntgenbild	durchleuchten|Knochen|Medizin|Radiologie|Rippen|Röntgen|Röntgenstrahlen|Skelett
🚪	e	door	back|closet|front	Tür	Eingang|geschlossen
🛗	e	elevator	accessibility|hoist|lift	Fahrstuhl	Aufzug|Haus|Lift|Symbol|Transport
🪞	e	mirror	makeup|reflection|reflector|speculum	Spiegel	Holzspiegel|Reflexion|Spiegelbild|Wandspiegel
🪟	e	window	air|frame|fresh|opening|transparent|view	Fenster	Aussicht|durchsichtig|Fensterrahmen|frische Luft|Glas|Haus|lüften|Rahmen
🛏️	e	bed	hotel|sleep	Bett	Hotel|schlafen|Übernachtung
🛋️	e	couch and lamp	couch|hotel|lamp	Sofa und Lampe	Couch|Lampe|Sofa
🪑	e	chair	seat|sit	Stuhl	Holzstuhl|Möbel|sitzen
🚽	e	toilet	bathroom	Toilette	Klo|WC
🪠	e	plunger	cup|force|plumber|poop|suction|toilet	Saugglocke	Abfluss|Gummiglocke|Klempner|Klo|Pömpel|Toilette|WC|Werkzeug
🚿	e	shower	water	Dusche	Duschkopf
🛁	e	bathtub	bath	Badewanne	Bad|Badezimmer|Dusche
🪤	e	mouse trap	bait|cheese|lure|mouse|mousetrap|snare|trap	Mausefalle	anlocken|Falle|Käse|Maus|Mäusefalle
🪒	e	razor	sharp|shave	Rasierer	Klinge|rasieren|Rasiermesser|scharf
🧴	e	lotion bottle	bottle|lotion|moisturizer|shampoo|sunscreen	Creme	Feuchtigkeitscreme|Feuchtigkeitsmilch|Haarwaschmittel|Körpercreme|Lotion|Nachtcreme|Shampoo|Sonnencreme
🧷	e	safety pin	diaper|pin|punk|rock|safety	Sicherheitsnadel	Punk|Windel
🧹	e	broom	cleaning|sweeping|witch	Besen	fegen|Hexe|Hexenbesen|kehren|reinigen|sauber machen|säubern
🧺	e	basket	farming|laundry|picnic	Korb	Bauernhof|Landwirtschaft|Picknick|Tragekorb|Wäsche|Wäschekorb
🧻	e	roll of paper	paper|roll|toilet|towels	Küchenrolle	Hygiene|Klopapier|Papierrolle|Papiertücher|Toilette|Toilettenpapier|WC|WC-Papier
🪣	e	bucket	cask|pail|vat	Eimer	Behälter|Bottich|Kübel|Wassereimer
🧼	e	soap	bar|bathing|clean|cleaning|lather|soapdish	Seife	baden|putzen|reinigen|sauber|sauber machen|säubern|Schaum|schäumen
🫧	e	bubbles	bubble|burp|clean|floating|pearl|soap|underwater	Blasen	Perlen|reinigen|Schaum|schweben|Seife|Seifenblasen|unter Wasser|Wasserblasen
🪥	e	toothbrush	bathroom|brush|clean|dental|hygiene|teeth|toiletry	Zahnbürste	Badezimmer|Bürste|Körperpflege|Mundhygiene|putzen|sauber|Zähne|Zahnhygiene
🧽	e	sponge	absorbing|cleaning|porous|soak	Schwamm	absorbieren|aufsaugen|löchrig|putzen|reinigen|sauber machen|Schaum|schäumen
🧯	e	fire extinguisher	extinguish|extinguisher|fire|quench	Feuerlöscher	Feuer|löschen
🛒	e	shopping cart	cart|shopping|trolley	Einkaufswagen	einkaufen
🚬	e	cigarette	smoking	Zigarette	Kippe|Rauchen|Rauchersymbol
⚰️	e	coffin	dead|death|vampire	Sarg	Beerdigung|Tod|tot|Vampir
🪦	e	headstone	cemetery|dead|grave|graveyard|memorial|rip|tomb|tombstone	Grabstein	Friedhof|Grab|RIP|tot
⚱️	e	funeral urn	ashes|death|funeral|urn	Urne	Beerdigung|Tod|tot
🧿	e	nazar amulet	amulet|bead|blue|charm|evil-eye|nazar|talisman	Nazar-Amulett	Amulett|blau|böser Blick|Glasperle|Glücksbringer|Kügelchen|Perle|Talisman
🪬	e	hamsa	amulet|Fatima|fortune|guide|hand|Mary|palm|protection	Hamsa	Amulett|Auge in offener Hand|Fatima|Glückssymbol|Hand|jüdisch|Maria|Schutz
🗿	e	moai	face|moyai|statue|stoneface|travel	Statue	Gesicht|Maske|Osterinsel
🪧	e	placard	card|demonstration|notice|picket|plaque|protest|sign	Protestschild	Ankündigung|Bekanntmachung|Demonstration|Hinweis|Mahnwache|Plakat|Protest|Schild
🪪	e	identification card	card|credentials|document|ID|identification|license|security	Ausweis	Dokument|Führerschein|Karte|Pass|Personalausweis|Plakette|Reisepass
🏧	e	ATM sign	ATM|automated|bank|cash|money|sign|teller	Symbol „Geldautomat“	ATM|Geldautomat
🚮	e	litter in bin sign	bin|litter|litterbin|sign	Symbol „Papierkorb“	Abfall|Müll|Mülleimer|Sauberkeit|wegschmeißen|wegwerfen
🚰	e	potable water	drinking|potable|water	Trinkwasser	Wasser|Wasserhahn
♿	e	wheelchair symbol	access|handicap|symbol|wheelchair	Symbol „Rollstuhl“	barrierefrei|behindertengerecht|Rollstuhl
🚹	e	men’s room	bathroom|lavatory|man|men’s|restroom|room|toilet|WC	Herren	Herrentoilette|WC
🚺	e	women’s room	bathroom|lavatory|restroom|room|toilet|WC|woman|women’s	Damen	Damentoilette|WC
🚻	e	restroom	bathroom|lavatory|toilet|WC	Toiletten	Toilette|WC
🚼	e	baby symbol	baby|changing|symbol	Symbol „Baby“	Baby|Wickelraum
🚾	e	water closet	bathroom|closet|lavatory|restroom|toilet|water|WC	WC	Toilette
🛂	e	passport control	control|passport	Passkontrolle	Pass
🛃	e	customs	packing	Zollkontrolle	Zoll
🛄	e	baggage claim	arrived|bags|case|checked|packing|plane|travel|trip	Gepäckausgabe	Gepäck
🛅	e	left luggage	baggage|case|left|locker|luggage	Gepäckaufbewahrung	Gepäck|Schließfach
⚠️	e	warning	caution	Warnung	Achtung|Dreieck|Vorsicht|Warnschild
🚸	e	children crossing	child|children|crossing|pedestrian|traffic	Kinder überqueren die Straße	Kinder|Kinder-queren-die-Straße-Schild|Straßenschild|Vorsicht
⛔	e	no entry	do|fail|forbidden|no|not|pass|prohibited|traffic	Zutritt verboten	Einbahnstrasse|kein Zutritt|keine Durchfahrt|verboten|Zutritt-verboten-Schild
🚫	e	prohibited	entry|forbidden|no|not|smoke	Verboten	kein zutritt|Kein-Zutritt-Zeichen|Verbotszeichen
🚳	e	no bicycles	bicycle|bicycles|bike|forbidden|no|not|prohibited	Fahrräder verboten	Fahhrad|Fahrrad-verboten-Schild|Radfahren verboten|verboten
🚭	e	no smoking	forbidden|no|not|prohibited|smoke|smoking	Rauchverbot	Rauchen verboten|Zigarette
🚯	e	no littering	forbidden|litter|littering|no|not|prohibited	Abfall verboten	Abfall|Müll|Müll-verboten-Zeichen|verboten
🚱	e	non-potable water	dry|non-drinking|non-potable|prohibited|water	Kein Trinkwasser	verboten|verschmutzt|Wasser
🚷	e	no pedestrians	forbidden|no|not|pedestrian|pedestrians|prohibited	Fußgänger verboten	Fußgänger-verboten-Schild|verboten
📵	e	no mobile phones	cell|forbidden|mobile|no|not|phone|prohibited|telephone	Mobiltelefone verboten	Handy|Mobiltelefon|Verbot
🔞	e	no one under eighteen	18|age|forbidden|no|not|prohibited|restriction|underage	Minderjährige verboten	Erwachsene|Mindestalter|nicht jugendfrei|Zeichen mit durchgestrichener 18
☢️	e	radioactive	sign	Radioaktiv	
☣️	e	biohazard	sign	Biogefährdung	Zeichen
⬆️	e	up arrow	arrow|cardinal|direction|north|up	Pfeil nach oben	aufwärts|Aufwärtspfeil|nach oben|Norden|Pfeil
↗️	e	up-right arrow	arrow|direction|intercardinal|northeast|up-right	Pfeil nach rechts oben	nach rechts oben|Nordosten|Pfeil
➡️	e	right arrow	arrow|cardinal|direction|east|right	Pfeil nach rechts	nach rechts|Osten|Pfeil|rechts|Rechtspfeil
↘️	e	down-right arrow	arrow|direction|down-right|intercardinal|southeast	Pfeil nach rechts unten	nach rechts unten|Pfeil|Südosten
⬇️	e	down arrow	arrow|cardinal|direction|down|south	Pfeil nach unten	abwärts|Abwärtspfeil|nach unten|Pfeil|Süden
↙️	e	down-left arrow	arrow|direction|down-left|intercardinal|southwest	Pfeil nach links unten	nach links unten|Pfeil
⬅️	e	left arrow	arrow|cardinal|direction|left|west	Pfeil nach links	Linkspfeil|nach links|Pfeil|Westen
↖️	e	up-left arrow	arrow|direction|intercardinal|northwest|up-left	Pfeil nach links oben	nach links oben|Nordwesten|Pfeil
↕️	e	up-down arrow	arrow|up-down	Pfeil nach oben und unten	entgegengesetzt|nach oben und unten|Pfeil
↔️	e	left-right arrow	arrow|left-right	Pfeil nach links und rechts	entgegengesetzt|nach links und rechts|Pfeil
↩️	e	right arrow curving left	arrow|curving|left|right	geschwungener Pfeil nach links	geschwungen|links|nach links|Pfeil
↪️	e	left arrow curving right	arrow|curving|left|right	geschwungener Pfeil nach rechts	geschwungen|nach rechts|Pfeil|rechts|umdrehen
⤴️	e	right arrow curving up	arrow|curving|right|up	geschwungener Pfeil nach oben	geschwungen|nach oben|oben|Pfeil
⤵️	e	right arrow curving down	arrow|curving|down|right	geschwungener Pfeil nach unten	geschwungen|nach unten|Pfeil|unten
🔃	e	clockwise vertical arrows	arrow|arrows|clockwise|refresh|reload|vertical	kreisförmige Pfeile im Uhrzeigersinn	im Uhrzeigersinn|Pfeile
🔄	e	counterclockwise arrows button	again|anticlockwise|arrow|button|deja|refresh|rewindershins|vu	Pfeile gegen den Uhrzeigersinn	gegen den Uhrzeigersinn|kreisförmige Pfeile gegen den Uhrzeigersinn|Pfeile
🔙	e	BACK arrow	arrow|BACK	BACK-Pfeil	links|Pfeil|zurück
🔚	e	END arrow	arrow|END	END-Pfeil	Ende-Zeichen|links|Pfeil
🔛	e	ON! arrow	arrow|mark|ON!	ON!-Pfeil	anschalten|Ein-Zeichen|einschaltem|Pfeil|rechts und links
🔜	e	SOON arrow	arrow|brb|omw|SOON	SOON-Pfeil	Bald-Zeichen|Pfeil|rechts
🔝	e	TOP arrow	arrow|homie|TOP|up	TOP-Pfeil	Pfeil nach oben|Top-Zeichen
🛐	e	place of worship	place|pray|religion|worship	religiöse Stätte	Kultstätte|Religion
⚛️	e	atom symbol	atheist|atom|symbol	Atomzeichen	Atheist|Atom
🕉️	e	om	Hindu|religion	om	Hinduismus|Religion
✡️	e	star of David	David|Jew|Jewish|judaism|religion|star	Davidstern	jüdisch|Religion
☸️	e	wheel of dharma	Buddhist|dharma|religion|wheel	Dharma-Rad	Buddhismus|Dharma
☯️	e	yin yang	difficult|lives|religion|tao|taoist|total|yang|yinyang	Yin und Yang	Daoismus|Religion|Yang|Yin
✝️	e	latin cross	christ|Christian|cross|latin|religion	lateinisches Kreuz	Christentum|Kreuz|lateinisch|Religion|römisch
☦️	e	orthodox cross	Christian|cross|orthodox|religion	orthodoxes Kreuz	Christentum|Kreuz|orthodox|Religion
☪️	e	star and crescent	crescent|islam|Muslim|ramadan|religion|star	Hilal und Stern	Hilal|Islam|Muslim|Religion|Stern
☮️	e	peace symbol	healing|peace|peaceful|symbol	Friedenszeichen	Friedensbewegung|Friedenssymbol
🕎	e	menorah	candelabrum|candlestick|hanukkah|jewish|judaism|religion	Menora	Leuchter|Religion
🔯	e	dotted six-pointed star	dotted|fortune|jewish|judaism|six-pointed|star	Hexagramm mit Punkt	Wahrsager
🪯	e	khanda	Deg|Fateh|Khalsa|religion|Sikh|Sikhism|Tegh	Khanda	Deg Tegh Fateh|Glaube|Khalsa|Khanda-Emblem|Religion|Schwert|Sikh|Sikhismus
♈	e	Aries	horoscope|ram|zodiac	Widder (Sternzeichen)	Sternzeichen|Widder
♉	e	Taurus	bull|horoscope|ox|zodiac	Stier (Sternzeichen)	Horoskop|Sternzeichen|Stier
♊	e	Gemini	horoscope|twins|zodiac	Zwillinge (Sternzeichen)	Horoskop|Sternzeichen|Zwilling|Zwillinge
♋	e	Cancer	crab|horoscope|zodiac	Krebs (Sternzeichen)	Krebs|Sternzeichen
♌	e	Leo	horoscope|lion|zodiac	Löwe (Sternzeichen)	Horoskop|Löwe|Sternzeichen
♍	e	Virgo	horoscope|zodiac	Jungfrau (Sternzeichen)	Horoskop|Jungfrau|Sternzeichen
♎	e	Libra	balance|horoscope|justice|scales|zodiac	Waage (Sternzeichen)	Horoskop|Sternzeichen|Waage
♏	e	Scorpio	horoscope|scorpion|Scorpius|zodiac	Skorpion (Sternzeichen)	Horoskop|Skorpion|Sternzeichen
♐	e	Sagittarius	archer|horoscope|zodiac	Schütze (Sternzeichen)	Schütze|Sternzeichen
♑	e	Capricorn	goat|horoscope|zodiac	Steinbock (Sternzeichen)	Steinbock|Sternzeichen
♒	e	Aquarius	bearer|horoscope|water|zodiac	Wassermann (Sternzeichen)	Sternzeichen|Wassermann
♓	e	Pisces	fish|horoscope|zodiac	Fische (Sternzeichen)	Fische|Horoskop|Sternzeichen
⛎	e	Ophiuchus	bearer|serpent|snake|zodiac	Schlangenträger	Schlagenträger|Sternbild
🔀	e	shuffle tracks button	arrow|button|crossed|shuffle|tracks	Zufallsmodus	gekreuzt|Pfeile|Richtung|verschlungene Pfeile nach rechts
🔁	e	repeat button	arrow|button|clockwise|repeat	Wiederholen	im Uhrzeigersinn|keycap|Pfeile|tastenkappe
🔂	e	repeat single button	arrow|button|clockwise|once|repeat|single	Titel wiederholen	dasselbe wiederholen|einmal|im Uhrzeigersinn|noch einmal|Pfeile|wiederholen
▶️	e	play button	arrow|button|play|right|triangle	Wiedergabe	abspielen|Dreieck|Pfeil|rechts
⏩	e	fast-forward button	arrow|button|double|fast|fast-forward|forward	Doppelpfeile nach rechts	Doppelpfeil|überspringen|vorwärts|weiter
⏭️	e	next track button	arrow|button|next|scene|track|triangle	Nächster Titel	Doppelpfeil|Dreieck|vorwärts|weiter
⏯️	e	play or pause button	arrow|button|pause|play|right|triangle	Wiedergabe oder Pause	Dreieck|Pause|Pfeil|rechts|Wiedergabe
◀️	e	reverse button	arrow|button|left|reverse|triangle	Pfeil zurück	Dreieck|links|Pfeil|zurück
⏪	e	fast reverse button	arrow|button|double|fast|reverse|rewind	Zurückspulen	Doppelpfeil|Doppelpfeile nach links|Dreieck|Pfeil|vorheriger Titel|zurück
⏮️	e	last track button	arrow|button|last|previous|scene|track|triangle	Vorheriger Titel	Doppelpfeil|Dreieck|Pfeil|zurück
🔼	e	upwards button	arrow|button|red|up|upwards	Aufwärts-Schaltfläche	aufwärts|nach oben|Pfeil|Schaltfläche
⏫	e	fast up button	arrow|button|double|fast|up	Doppelpfeile nach oben	aufwärts|Doppelpfeil|doppelt|nach oben|Pfeil
🔽	e	downwards button	arrow|button|down|downwards|red	Abwärts-Schaltfläche	abwärts|nach unten|Pfeil|Schaltfläche
⏬	e	fast down button	arrow|button|double|down|fast	Doppelpfeile nach unten	Doppelpfeil|doppelt abwärts|nach unten|Pfeil
⏸️	e	pause button	bar|button|double|pause|vertical	Pause	keycap|Streifen|Tastenkappe|vertikal
⏹️	e	stop button	button|square|stop	Stopp	Aufnahme stoppen|keycap|Quadrat|Tastenkappe
⏺️	e	record button	button|circle|record	Aufnehmen	Aufnahme|keycap|Kreis|Tastenkappe
⏏️	e	eject button	button|eject	Auswerfen	Auswurf|Auswurftaste|Medien
🎦	e	cinema	camera|film|movie	Kinosymbol	Film|Filmkamera|Filmkamera in blauem Quadrat|Kino|Unterhaltung
🔅	e	dim button	brightness|button|dim|low	Taste Dimmen	dimmen|gedimmt|Helligkeit|schwache Helligkeit
🔆	e	bright button	bright|brightness|button|light	Heller-Taste	heller|Helligkeit|starke Helligkeit
📶	e	antenna bars	antenna|bar|cell|communication|mobile|phone|signal|telephone	balkenförmige Signalstärkenanzeige	Empfang|Mobilfunksignal|Mobiltelefon|Signalstärke
🛜	e	wireless	broadband|computer|connectivity|hotspot|internet|network|router|smartphone	WLAN	Computer|drahtlos|Hotspot|Internet|kabellos|Netzwerk|Router|Verbindung
📳	e	vibration mode	cell|communication|mobile|mode|phone|telephone|vibration	Vibrationsmodus	Handy|Kommunikation|Mobiltelefon|Symbol für Vibrationsalarm|Vibration|vibrieren
📴	e	mobile phone off	cell|mobile|off|phone|telephone	Mobiltelefon aus	ausschalten|Handy aus|Mobiltelefon
♀️	e	female sign	female|sign|woman	Frauensymbol	Frau|weiblich|Zeichen
♂️	e	male sign	male|man|sign	Männersymbol	Mann|Symbol|Zeichen
⚧️	e	transgender symbol	symbol|transgender	Transgender-Symbol	Symbol für Transgender|Transgender
✖️	e	multiply	×|cancel|multiplication|sign|x	mal	×|abbrechen|Multiplikation|Multiplikationszeichen|multiplizieren|x
➕	e	plus	+	plus	+|addieren|mathe|Pluszeichen
➖	e	minus	-|−|heavy|math|sign	minus	-|−|Mathe|Minuszeichen
➗	e	divide	÷|division|heavy|math|sign	geteilt durch	÷|Division|Divisionszeichen|geteilt|Geteiltzeichen|Mathe
🟰	e	heavy equals sign	answer|equal|equality|equals|heavy|math|sign	Gleichheitszeichen extrafett	gleich|Gleichheit|Gleichheitszeichen|ist gleich|Mathematik|Vergleichszeichen
♾️	e	infinity	forever|unbounded|universal	Unendlichkeit	ewig|grenzenlos|unendlich
‼️	e	double exclamation mark	!|!!|bangbang|double|exclamation|mark|punctuation	doppeltes Ausrufezeichen	Ausrufezeichen|doppelt|muss|rot|Satzzeichen
⁉️	e	exclamation question mark	!|!?|?|exclamation|interrobang|mark|punctuation|question	Ausrufe- und Fragezeichen	Ausrufezeichen|Fragezeichen|rot|Satzzeichen
❓	e	red question mark	?|mark|punctuation|question|red	rotes Fragezeichen	Frage|Fragezeichen|rot|Satzzeichen|warum|wieso
❔	e	white question mark	?|mark|outlined|punctuation|question|white	weißes Fragezeichen	Frage|Fragezeichen|Satzzeichen|warum|weiß
❕	e	white exclamation mark	!|exclamation|mark|outlined|punctuation|white	weißes Ausrufezeichen	Ausrufezeichen|muss|Satzzeichen|weiß
❗	e	red exclamation mark	!|exclamation|mark|punctuation|red	rotes Ausrufezeichen	!|Ausrufezeichen|rot|Satzzeichen
〰️	e	wavy dash	dash|punctuation|wavy	Wellenlinie	gewellt|Linie
💱	e	currency exchange	bank|currency|exchange|money	Geldwechsel	Geld|Währung|Wechsel
💲	e	heavy dollar sign	billion|cash|charge|currency|million|money|pay|sign	Dollarzeichen extrafett	bezahlen|Dollar-Zeichen|Geld|Knete|Moneten|teuer|USD|Währung
⚕️	e	medical symbol	aesculapius|medical|medicine|staff|symbol	Äskulapstab	Apotheke|Arznei|Asklepiosstab|Medizin
♻️	e	recycling symbol	recycle|recycling|symbol	Recycling-Symbol	grüne Punkt|grüner Punkt|Recycling
⚜️	e	fleur-de-lis	knights	Lilie	Fleur-de-Lis
🔱	e	trident emblem	anchor|emblem|poseidon|ship|tool|trident	Dreizack	Anker|Poseidon|Triton
📛	e	name badge	badge|name	Namensschild	Schild
🔰	e	Japanese symbol for beginner	beginner|chevron|green|Japanese|leaf|symbol|tool|yellow	japanisches Anfänger-Zeichen	Anfänger|japanisches Symbol
⭕	e	hollow red circle	circle|heavy|hollow|large|o|red	hohler roter Kreis	großer Kreis|Kreis|o|rot
✅	e	check mark button	button|checked|checkmark|complete|completed|done|fixed|tick	weißes Häkchen	abgehakt|erledigt
☑️	e	check box with check	✓|ballot|box|check|checked|done|off|tick	abgehaktes Kästchen	✓|Abstimmungsfeld|Abstimmungsfeld mit Häkchen|ankreuz|Feld|Häkchen|Kästchen mit Häkchen|Wahlurne
✔️	e	check mark	✓|check|checked|checkmark|done|heavy|mark|tick	kräftiges Häkchen	abhaken|erledigt|fertig|Häkchen|Haken
❌	e	cross mark	×|cancel|cross|mark|multiplication|multiply|x	Kreuzzeichen	abbrechen|durchgestrichen|mal|Multiplikation|multiplizieren|Rotes Kreuz|x
❎	e	cross mark button	×|button|cross|mark|multiplication|multiply|square|x	angekreuztes Kästchen	angekreuztes Feld|Feld|Kreuz|Kreuzsymbol im Quadrat|Quadrat|X
➰	e	curly loop	curl|curly|loop	Schleife	
➿	e	double curly loop	curl|curly|double|loop	Doppelschleife	blau|Rechteck|Schleife
〽️	e	part alternation mark	alternation|mark|part	Teilalternationszeichen	japanisch|Zeichensetzung
✳️	e	eight-spoked asterisk	*|asterisk|eight-spoked	achtzackiger Stern	*|achtzackig|grün|Quadrat|Stern
✴️	e	eight-pointed star	*|eight-pointed|star	achtstrahliger Stern	*|Stern
❇️	e	sparkle	*	Funkeln	*|grün|Quadrat
©️	e	copyright	C	Copyright	C
®️	e	registered	R	Registered-Trademark	Markenzeichen|R
™️	e	trade mark	mark|TM|trade|trademark	Markenzeichen	TM|Trademark
#️⃣	e	keycap: #	keycap	Taste: #	Taste
*️⃣	e	keycap: *	keycap	Taste: *	Taste
0️⃣	e	keycap: 0	0|keycap|zero	Taste: 0	0|null|Taste
1️⃣	e	keycap: 1	1|keycap|one	Taste: 1	1|eins|Taste
2️⃣	e	keycap: 2	2|keycap|two	Taste: 2	2|Taste|zwei
3️⃣	e	keycap: 3	3|keycap|three	Taste: 3	3|drei|Taste
4️⃣	e	keycap: 4	4|four|keycap	Taste: 4	4|Taste|vier
5️⃣	e	keycap: 5	5|five|keycap	Taste: 5	5|fünf|Taste
6️⃣	e	keycap: 6	6|keycap|six	Taste: 6	6|sechs|Taste
7️⃣	e	keycap: 7	7|keycap|seven	Taste: 7	7|sieben|Taste
8️⃣	e	keycap: 8	8|eight|keycap	Taste: 8	8|acht|Taste
9️⃣	e	keycap: 9	9|keycap|nine	Taste: 9	9|neun|Taste
🔟	e	keycap: 10	keycap	Taste: 10	Taste
🔠	e	input latin uppercase	ABCD|input|latin|letters|uppercase	Eingabesymbol lateinische Großbuchstaben	abcd|Buchstaben|Eingabe|Eingabesymbol|Großbuchstaben|großschreiben|lateinisch
🔡	e	input latin lowercase	abcd|input|latin|letters|lowercase	Eingabesymbol lateinische Kleinbuchstaben	Kleinbuchstaben|lateinische Kleinbuchstaben
🔢	e	input numbers	1234|input|numbers	Eingabesymbol Zahlen	1234|Eingabe|Eingabesymbol|Symbol|Zahlen|Ziffern
🔣	e	input symbols	&|%|♪|〒|input|symbols	Eingabesymbol Sonderzeichen	&|%|♪|Eingabe|Eingabesymbol|keycap|Symbol|Tastenkappe
🔤	e	input latin letters	abc|alphabet|input|latin|letters	Eingabesymbol lateinische Buchstaben	abc|Alphabet|Buchstaben|Eingabe|Eingabesymbol|lateinisch|Symbol
🅰️	e	A button (blood type)	blood|button|type	Großbuchstabe A in rotem Quadrat	a|Blut|Blutgruppe|Großbuchstabe|negativ|positiv
🆎	e	AB button (blood type)	AB|blood|button|type	Großbuchstaben AB in rotem Quadrat	ab|Blut|Blutgruppe|negativ|positiv
🅱️	e	B button (blood type)	B|blood|button|type	Großbuchstabe B in rotem Quadrat	b|Blut|Blutgruppe|Großbuchstabe|negativ|positiv
🆑	e	CL button	button|CL	Großbuchstaben CL in rotem Quadrat	CL
🆒	e	COOL button	button|COOL	Wort „Cool“ in blauem Quadrat	Cool
🆓	e	FREE button	button|FREE	Wort „Free“ in blauem Quadrat	Free
ℹ️	e	information	I	Buchstabe „i“ in blauem Quadrat	i|Information
🆔	e	ID button	button|ID|identity	Großbuchstaben ID in lila Quadrat	ID
Ⓜ️	e	circled M	circle|circled|M	Buchstabe „M“ in Kreis	Buchstabe|eingekreist|Großbuchstabe|Kreis|M
🆕	e	NEW button	button|NEW	Wort „New“ in blauem Quadrat	Neu|New
🆖	e	NG button	button|NG	Großbuchstaben NG in blauem Quadrat	NG
🅾️	e	O button (blood type)	blood|button|O|type	Großbuchstabe O in rotem Quadrat	0|Blut|Blutgruppe|Großbuchstabe|negativ|O|positiv
🆗	e	OK button	button|OK|okay	Großbuchstaben OK in blauem Quadrat	Großbuchstaben|keycap|OK|okay|Taste|Tastenkappe
🅿️	e	P button	button|P|parking	Großbuchstabe P in blauem Quadrat	Großbuchstabe|P|parken|Parkplatz|Taste
🆘	e	SOS button	button|help|SOS	SOS-Zeichen	Hilfe|SOS
🆙	e	UP! button	button|mark|UP|UP!	Schriftzug „UP!“ im blauen Quadrat	Keycap|Taste|Tastenkappe|UP|UP!
🆚	e	VS button	button|versus|VS	Schriftzug VS in orangem Quadrat	gegen|Taste|versus|VS
🈁	e	Japanese “here” button	button|here|Japanese|katakana	Schriftzeichen „koko“	„koko“|japanisches Schriftzeichen
🈂️	e	Japanese “service charge” button	button|charge|Japanese|katakana|service	Schriftzeichen „sa“	„sa“|japanisches Schriftzeichen
🈷️	e	Japanese “monthly amount” button	amount|button|ideograph|Japanese|monthly	Schriftzeichen für „Monatsbetrag“	japanisch|monatlich|Monatsbetrag|Mond|Schriftzeichen|Taste
🈶	e	Japanese “not free of charge” button	button|charge|free|ideograph|Japanese|not	Schriftzeichen für „nicht gratis“	berechnen|existieren|japanisch|nicht gratis|Schriftzeichen|Taste
🈯	e	Japanese “reserved” button	button|ideograph|Japanese|reserved	Schriftzeichen für „reserviert“	Finger|japanisches Schriftzeichen|reserviert|Schriftzeichen für „Finger“
🉐	e	Japanese “bargain” button	bargain|button|ideograph|Japanese	Schriftzeichen für „Schnäppchen“	japanisches Schriftzeichen|Schnäppchen|Schriftzeichen für „Vorteil“|Vorteil
🈹	e	Japanese “discount” button	button|discount|ideograph|Japanese	Schriftzeichen für „Rabatt“	japanisches Schriftzeichen|Rabatt|Schriftzeichen für „teilen“|teilen
🈚	e	Japanese “free of charge” button	button|charge|free|ideograph|Japanese	Schriftzeichen für „gratis“	gratis|japanisches Schriftzeichen|Schriftzeichen für „Verhandlung“|Verhandlung
🈲	e	Japanese “prohibited” button	button|ideograph|Japanese|prohibited	Schriftzeichen für „verbieten“	japanisches Schriftzeichen|Kanji|verbieten
🉑	e	Japanese “acceptable” button	acceptable|button|ideograph|Japanese	Schriftzeichen für „akzeptieren“	akzeptieren|japanisch|Schriftzeichen
🈸	e	Japanese “application” button	application|button|ideograph|Japanese	Schriftzeichen für „anwenden“	anwenden|chinesisches Schriftzeichen|japanisches Schriftzeichen
🈴	e	Japanese “passing grade” button	button|grade|ideograph|Japanese|passing	Schriftzeichen für „Note zum Bestehen“	bestanden|bestehen|chinesisches Schriftzeichen|japanisches Schriftzeichen|Schriftzeichen für „zusammen“|zusammen
🈳	e	Japanese “vacancy” button	button|ideograph|Japanese|vacancy	Schriftzeichen für „Zimmer frei“	chinesisches Schriftzeichen|japanisches Schriftzeichen|leer|Schriftzeichen für „leer“|Zimmer frei
㊗️	e	Japanese “congratulations” button	button|congratulations|ideograph|Japanese	Schriftzeichen für „Gratulation“	chinesisches Schriftzeichen|Gratulation|japanisches Schriftzeichen
㊙️	e	Japanese “secret” button	button|ideograph|Japanese|secret	Schriftzeichen für „Geheimnis“	chinesisches Schriftzeichen|Geheimnis|japanisches Schriftzeichen
🈺	e	Japanese “open for business” button	business|button|ideograph|Japanese|open	Schriftzeichen für „Geöffnet“	Betrieb|chinesisches Schriftzeichen|geöffnet|japanisches Schriftzeichen|Schriftzeichen für „Betrieb“
🈵	e	Japanese “no vacancy” button	button|ideograph|Japanese|no|vacancy	Schriftzeichen für „Kein Zimmer frei“	belegt|besetzt|chinesisches Schriftzeichen|Fülle|japanisches Schriftzeichen|Kanji|kein Zimmer frei|Schriftzeichen für „Fülle“
🔴	e	red circle	circle|geometric|red	roter Punkt	Ball|Punkt|rot
🟠	e	orange circle	circle|orange	oranger Punkt	Form|Kreis|orange|orange Scheibe|oranger Kreis|Punkt
🟡	e	yellow circle	circle|yellow	gelber Punkt	Form|gelb|gelbe Scheibe|gelber Kreis|Kreis|Punkt|Scheibe
🟢	e	green circle	circle|green	grüner Punkt	Form|grün|grüne Scheibe|grüner Kreis|Kreis|Punkt
🔵	e	blue circle	blue|circle|geometric	blauer Punkt	Ball|blau|Großer blauer Kreis|Kreis|Punkt
🟣	e	purple circle	circle|purple	lila Punkt	Form|Kreis|lila|Punkt|Scheibe|violett
🟤	e	brown circle	brown|circle	brauner Punkt	braun|braune Scheibe|brauner Kreis|Form|Kreis|Punkt
⚫	e	black circle	black|circle|geometric	schwarzer Punkt	Ball|Großer schwarzer Kreis|Kreis|Punkt|rund|schwarz
⚪	e	white circle	circle|geometric|white	weißer Punkt	Ball|Großer weißer Kreis|Kreis|Punkt|weiß
🟥	e	red square	card|penalty|red|square	rotes Quadrat	Form|Quadrat|rot|rotes Viereck|Viereck
🟧	e	orange square	orange|square	oranges Quadrat	Form|orange|oranges Viereck|Quadrat|Viereck
🟨	e	yellow square	card|penalty|square|yellow	gelbes Quadrat	Form|gelb|gelbes Viereck|Quadrat|Viereck
🟩	e	green square	green|square	grünes Quadrat	Form|grün|grünes Viereck|Quadrat|Viereck
🟦	e	blue square	blue|square	blaues Quadrat	blau|blaues Viereck|Form|Quadrat|Viereck
🟪	e	purple square	purple|square	lila Quadrat	Form|lila|Quadrat|Viereck|violett
🟫	e	brown square	brown|square	braunes Quadrat	braun|braunes Viereck|Form|Quadrat|Viereck
⬛	e	black large square	black|geometric|large|square	großes schwarzes Quadrat	Quadrat|schwarz
⬜	e	white large square	geometric|large|square|white	großes weißes Quadrat	Quadrat|weiß
◼️	e	black medium square	black|geometric|medium|square	mittelgroßes schwarzes Quadrat	Quadrat|schwarz
◻️	e	white medium square	geometric|medium|square|white	mittelgroßes weißes Quadrat	Quadrat|weiß
◾	e	black medium-small square	black|geometric|medium-small|square	mittelkleines schwarzes Quadrat	Quadrat|schwarz
◽	e	white medium-small square	geometric|medium-small|square|white	mittelkleines weißes Quadrat	geometrisch|Quadrat|weiß
▪️	e	black small square	black|geometric|small|square	kleines schwarzes Quadrat	Punkt|Quadrat|schwarz
▫️	e	white small square	geometric|small|square|white	kleines weißes Quadrat	Quadrat|weiß
🔶	e	large orange diamond	diamond|geometric|large|orange	große orangefarbene Raute	orangefarben|Raute
🔷	e	large blue diamond	blue|diamond|geometric|large	große blaue Raute	blau|Raute
🔸	e	small orange diamond	diamond|geometric|orange|small	kleine orangefarbene Raute	orangefarben|Raute
🔹	e	small blue diamond	blue|diamond|geometric|small	kleine blaue Raute	blau|Raute
🔺	e	red triangle pointed up	geometric|pointed|red|triangle|up	rotes Dreieck mit der Spitze nach oben	aufwärts|Dreieck|rot|Rotes Dreieck mit Spitze oben
🔻	e	red triangle pointed down	down|geometric|pointed|red|triangle	rotes Dreieck mit der Spitze nach unten	abwärts|Dreieck|rot
💠	e	diamond with a dot	comic|diamond|dot|geometric	Rautenform mit Punkt	Diamant|mit Punkt|Rautenform
🔘	e	radio button	button|geometric|radio	Optionsfeld	Schaltfläche
🔳	e	white square button	button|geometric|outlined|square|white	weiße quadratische Schaltfläche	Quadrat|quadratisch|Schaltfläche|weiß
🔲	e	black square button	black|button|geometric|square	schwarze quadratische Schaltfläche	quadratisch|Schaltfläche|schwarz
🏁	e	chequered flag	checkered|finish|flags|game|race|racing|sport|win	Zielflagge	Flagge|formel 1|karierte Flagge|nascar|Rennen|Sport
🚩	e	triangular flag	construction|flag|golf|post|triangular	Wimpel	Dreiecksflagge|Flagge|rot|Standortflagge
🎌	e	crossed flags	celebration|cross|crossed|flags|Japanese	überkreuzte Flaggen	Japan|japanische Flaggen
🏴	e	black flag	black|flag|waving	schwarze Flagge	Fahne|schwarze Fahne|wehen|Wehende schwarze Fahne
🏳️	e	white flag	flag|waving|white	weiße Flagge	Fahne|wehen|Wehende weiße Fahne|weiße Fahne
🏳️‍🌈	e	rainbow flag	gay|genderqueer|glbt|glbtq|lesbian|lgbt|lgbtq|transgender	Regenbogenflagge	bisexuell|bunt|Fahne|Flagge|lesbisch|lgbt|lgbtq|Pride
🏳️‍⚧️	e	transgender flag	blue|flag|light|pink|transgender|white	Transgender-Flagge	Flagge|Transgender
🏴‍☠️	e	pirate flag	flag|Jolly|pirate|plunder|Roger|treasure	Piratenflagge	Jolly Roger|Pirat|Piratenfahne|Schatz
🇦🇨	e	flag: Ascension Island	flag	Flagge: Ascension	Flagge
🇦🇩	e	flag: Andorra	flag	Flagge: Andorra	Flagge
🇦🇪	e	flag: United Arab Emirates	flag	Flagge: Vereinigte Arabische Emirate	Flagge
🇦🇫	e	flag: Afghanistan	flag	Flagge: Afghanistan	Flagge
🇦🇬	e	flag: Antigua & Barbuda	flag	Flagge: Antigua und Barbuda	Flagge
🇦🇮	e	flag: Anguilla	flag	Flagge: Anguilla	Flagge
🇦🇱	e	flag: Albania	flag	Flagge: Albanien	Flagge
🇦🇲	e	flag: Armenia	flag	Flagge: Armenien	Flagge
🇦🇴	e	flag: Angola	flag	Flagge: Angola	Flagge
🇦🇶	e	flag: Antarctica	flag	Flagge: Antarktis	Flagge
🇦🇷	e	flag: Argentina	flag	Flagge: Argentinien	Flagge
🇦🇸	e	flag: American Samoa	flag	Flagge: Amerikanisch-Samoa	Flagge
🇦🇹	e	flag: Austria	flag	Flagge: Österreich	Flagge
🇦🇺	e	flag: Australia	flag	Flagge: Australien	Flagge
🇦🇼	e	flag: Aruba	flag	Flagge: Aruba	Flagge
🇦🇽	e	flag: Åland Islands	flag	Flagge: Ålandinseln	Flagge
🇦🇿	e	flag: Azerbaijan	flag	Flagge: Aserbaidschan	Flagge
🇧🇦	e	flag: Bosnia & Herzegovina	flag	Flagge: Bosnien und Herzegowina	Flagge
🇧🇧	e	flag: Barbados	flag	Flagge: Barbados	Flagge
🇧🇩	e	flag: Bangladesh	flag	Flagge: Bangladesch	Flagge
🇧🇪	e	flag: Belgium	flag	Flagge: Belgien	Flagge
🇧🇫	e	flag: Burkina Faso	flag	Flagge: Burkina Faso	Flagge
🇧🇬	e	flag: Bulgaria	flag	Flagge: Bulgarien	Flagge
🇧🇭	e	flag: Bahrain	flag	Flagge: Bahrain	Flagge
🇧🇮	e	flag: Burundi	flag	Flagge: Burundi	Flagge
🇧🇯	e	flag: Benin	flag	Flagge: Benin	Flagge
🇧🇱	e	flag: St. Barthélemy	flag	Flagge: St. Barthélemy	Flagge
🇧🇲	e	flag: Bermuda	flag	Flagge: Bermuda	Flagge
🇧🇳	e	flag: Brunei	flag	Flagge: Brunei Darussalam	Flagge
🇧🇴	e	flag: Bolivia	flag	Flagge: Bolivien	Flagge
🇧🇶	e	flag: Caribbean Netherlands	flag	Flagge: Karibische Niederlande	Flagge
🇧🇷	e	flag: Brazil	flag	Flagge: Brasilien	Flagge
🇧🇸	e	flag: Bahamas	flag	Flagge: Bahamas	Flagge
🇧🇹	e	flag: Bhutan	flag	Flagge: Bhutan	Flagge
🇧🇻	e	flag: Bouvet Island	flag	Flagge: Bouvetinsel	Flagge
🇧🇼	e	flag: Botswana	flag	Flagge: Botsuana	Flagge
🇧🇾	e	flag: Belarus	flag	Flagge: Belarus	Flagge
🇧🇿	e	flag: Belize	flag	Flagge: Belize	Flagge
🇨🇦	e	flag: Canada	flag	Flagge: Kanada	Flagge
🇨🇨	e	flag: Cocos (Keeling) Islands	flag	Flagge: Kokosinseln	Flagge
🇨🇩	e	flag: Congo - Kinshasa	flag	Flagge: Kongo-Kinshasa	Flagge
🇨🇫	e	flag: Central African Republic	flag	Flagge: Zentralafrikanische Republik	Flagge
🇨🇬	e	flag: Congo - Brazzaville	flag	Flagge: Kongo-Brazzaville	Flagge
🇨🇭	e	flag: Switzerland	flag	Flagge: Schweiz	Flagge
🇨🇮	e	flag: Côte d’Ivoire	flag	Flagge: Côte d’Ivoire	Flagge
🇨🇰	e	flag: Cook Islands	flag	Flagge: Cookinseln	Flagge
🇨🇱	e	flag: Chile	flag	Flagge: Chile	Flagge
🇨🇲	e	flag: Cameroon	flag	Flagge: Kamerun	Flagge
🇨🇳	e	flag: China	flag	Flagge: China	Flagge
🇨🇴	e	flag: Colombia	flag	Flagge: Kolumbien	Flagge
🇨🇵	e	flag: Clipperton Island	flag	Flagge: Clipperton-Insel	Flagge
🇨🇷	e	flag: Costa Rica	flag	Flagge: Costa Rica	Flagge
🇨🇺	e	flag: Cuba	flag	Flagge: Kuba	Flagge
🇨🇻	e	flag: Cape Verde	flag	Flagge: Cabo Verde	Flagge
🇨🇼	e	flag: Curaçao	flag	Flagge: Curaçao	Flagge
🇨🇽	e	flag: Christmas Island	flag	Flagge: Weihnachtsinsel	Flagge
🇨🇾	e	flag: Cyprus	flag	Flagge: Zypern	Flagge
🇨🇿	e	flag: Czechia	flag	Flagge: Tschechien	Flagge
🇩🇪	e	flag: Germany	flag	Flagge: Deutschland	Flagge
🇩🇬	e	flag: Diego Garcia	flag	Flagge: Diego Garcia	Flagge
🇩🇯	e	flag: Djibouti	flag	Flagge: Dschibuti	Flagge
🇩🇰	e	flag: Denmark	flag	Flagge: Dänemark	Flagge
🇩🇲	e	flag: Dominica	flag	Flagge: Dominica	Flagge
🇩🇴	e	flag: Dominican Republic	flag	Flagge: Dominikanische Republik	Flagge
🇩🇿	e	flag: Algeria	flag	Flagge: Algerien	Flagge
🇪🇦	e	flag: Ceuta & Melilla	flag	Flagge: Ceuta und Melilla	Flagge
🇪🇨	e	flag: Ecuador	flag	Flagge: Ecuador	Flagge
🇪🇪	e	flag: Estonia	flag	Flagge: Estland	Flagge
🇪🇬	e	flag: Egypt	flag	Flagge: Ägypten	Flagge
🇪🇭	e	flag: Western Sahara	flag	Flagge: Westsahara	Flagge
🇪🇷	e	flag: Eritrea	flag	Flagge: Eritrea	Flagge
🇪🇸	e	flag: Spain	flag	Flagge: Spanien	Flagge
🇪🇹	e	flag: Ethiopia	flag	Flagge: Äthiopien	Flagge
🇪🇺	e	flag: European Union	flag	Flagge: Europäische Union	Flagge
🇫🇮	e	flag: Finland	flag	Flagge: Finnland	Flagge
🇫🇯	e	flag: Fiji	flag	Flagge: Fidschi	Flagge
🇫🇰	e	flag: Falkland Islands	flag	Flagge: Falklandinseln	Flagge
🇫🇲	e	flag: Micronesia	flag	Flagge: Mikronesien	Flagge
🇫🇴	e	flag: Faroe Islands	flag	Flagge: Färöer	Flagge
🇫🇷	e	flag: France	flag	Flagge: Frankreich	Flagge
🇬🇦	e	flag: Gabon	flag	Flagge: Gabun	Flagge
🇬🇧	e	flag: United Kingdom	flag	Flagge: Vereinigtes Königreich	Flagge
🇬🇩	e	flag: Grenada	flag	Flagge: Grenada	Flagge
🇬🇪	e	flag: Georgia	flag	Flagge: Georgien	Flagge
🇬🇫	e	flag: French Guiana	flag	Flagge: Französisch-Guayana	Flagge
🇬🇬	e	flag: Guernsey	flag	Flagge: Guernsey	Flagge
🇬🇭	e	flag: Ghana	flag	Flagge: Ghana	Flagge
🇬🇮	e	flag: Gibraltar	flag	Flagge: Gibraltar	Flagge
🇬🇱	e	flag: Greenland	flag	Flagge: Grönland	Flagge
🇬🇲	e	flag: Gambia	flag	Flagge: Gambia	Flagge
🇬🇳	e	flag: Guinea	flag	Flagge: Guinea	Flagge
🇬🇵	e	flag: Guadeloupe	flag	Flagge: Guadeloupe	Flagge
🇬🇶	e	flag: Equatorial Guinea	flag	Flagge: Äquatorialguinea	Flagge
🇬🇷	e	flag: Greece	flag	Flagge: Griechenland	Flagge
🇬🇸	e	flag: South Georgia & South Sandwich Islands	flag	Flagge: Südgeorgien und die Südlichen Sandwichinseln	Flagge
🇬🇹	e	flag: Guatemala	flag	Flagge: Guatemala	Flagge
🇬🇺	e	flag: Guam	flag	Flagge: Guam	Flagge
🇬🇼	e	flag: Guinea-Bissau	flag	Flagge: Guinea-Bissau	Flagge
🇬🇾	e	flag: Guyana	flag	Flagge: Guyana	Flagge
🇭🇰	e	flag: Hong Kong SAR China	flag	Flagge: Sonderverwaltungsregion Hongkong	Flagge
🇭🇲	e	flag: Heard & McDonald Islands	flag	Flagge: Heard und McDonaldinseln	Flagge
🇭🇳	e	flag: Honduras	flag	Flagge: Honduras	Flagge
🇭🇷	e	flag: Croatia	flag	Flagge: Kroatien	Flagge
🇭🇹	e	flag: Haiti	flag	Flagge: Haiti	Flagge
🇭🇺	e	flag: Hungary	flag	Flagge: Ungarn	Flagge
🇮🇨	e	flag: Canary Islands	flag	Flagge: Kanarische Inseln	Flagge
🇮🇩	e	flag: Indonesia	flag	Flagge: Indonesien	Flagge
🇮🇪	e	flag: Ireland	flag	Flagge: Irland	Flagge
🇮🇱	e	flag: Israel	flag	Flagge: Israel	Flagge
🇮🇲	e	flag: Isle of Man	flag	Flagge: Isle of Man	Flagge
🇮🇳	e	flag: India	flag	Flagge: Indien	Flagge
🇮🇴	e	flag: British Indian Ocean Territory	flag	Flagge: Britisches Territorium im Indischen Ozean	Flagge
🇮🇶	e	flag: Iraq	flag	Flagge: Irak	Flagge
🇮🇷	e	flag: Iran	flag	Flagge: Iran	Flagge
🇮🇸	e	flag: Iceland	flag	Flagge: Island	Flagge
🇮🇹	e	flag: Italy	flag	Flagge: Italien	Flagge
🇯🇪	e	flag: Jersey	flag	Flagge: Jersey	Flagge
🇯🇲	e	flag: Jamaica	flag	Flagge: Jamaika	Flagge
🇯🇴	e	flag: Jordan	flag	Flagge: Jordanien	Flagge
🇯🇵	e	flag: Japan	flag	Flagge: Japan	Flagge
🇰🇪	e	flag: Kenya	flag	Flagge: Kenia	Flagge
🇰🇬	e	flag: Kyrgyzstan	flag	Flagge: Kirgisistan	Flagge
🇰🇭	e	flag: Cambodia	flag	Flagge: Kambodscha	Flagge
🇰🇮	e	flag: Kiribati	flag	Flagge: Kiribati	Flagge
🇰🇲	e	flag: Comoros	flag	Flagge: Komoren	Flagge
🇰🇳	e	flag: St. Kitts & Nevis	flag	Flagge: St. Kitts und Nevis	Flagge
🇰🇵	e	flag: North Korea	flag	Flagge: Nordkorea	Flagge
🇰🇷	e	flag: South Korea	flag	Flagge: Südkorea	Flagge
🇰🇼	e	flag: Kuwait	flag	Flagge: Kuwait	Flagge
🇰🇾	e	flag: Cayman Islands	flag	Flagge: Kaimaninseln	Flagge
🇰🇿	e	flag: Kazakhstan	flag	Flagge: Kasachstan	Flagge
🇱🇦	e	flag: Laos	flag	Flagge: Laos	Flagge
🇱🇧	e	flag: Lebanon	flag	Flagge: Libanon	Flagge
🇱🇨	e	flag: St. Lucia	flag	Flagge: St. Lucia	Flagge
🇱🇮	e	flag: Liechtenstein	flag	Flagge: Liechtenstein	Flagge
🇱🇰	e	flag: Sri Lanka	flag	Flagge: Sri Lanka	Flagge
🇱🇷	e	flag: Liberia	flag	Flagge: Liberia	Flagge
🇱🇸	e	flag: Lesotho	flag	Flagge: Lesotho	Flagge
🇱🇹	e	flag: Lithuania	flag	Flagge: Litauen	Flagge
🇱🇺	e	flag: Luxembourg	flag	Flagge: Luxemburg	Flagge
🇱🇻	e	flag: Latvia	flag	Flagge: Lettland	Flagge
🇱🇾	e	flag: Libya	flag	Flagge: Libyen	Flagge
🇲🇦	e	flag: Morocco	flag	Flagge: Marokko	Flagge
🇲🇨	e	flag: Monaco	flag	Flagge: Monaco	Flagge
🇲🇩	e	flag: Moldova	flag	Flagge: Republik Moldau	Flagge
🇲🇪	e	flag: Montenegro	flag	Flagge: Montenegro	Flagge
🇲🇫	e	flag: St. Martin	flag	Flagge: St. Martin	Flagge
🇲🇬	e	flag: Madagascar	flag	Flagge: Madagaskar	Flagge
🇲🇭	e	flag: Marshall Islands	flag	Flagge: Marshallinseln	Flagge
🇲🇰	e	flag: North Macedonia	flag	Flagge: Nordmazedonien	Flagge
🇲🇱	e	flag: Mali	flag	Flagge: Mali	Flagge
🇲🇲	e	flag: Myanmar (Burma)	flag	Flagge: Myanmar	Flagge
🇲🇳	e	flag: Mongolia	flag	Flagge: Mongolei	Flagge
🇲🇴	e	flag: Macao SAR China	flag	Flagge: Sonderverwaltungsregion Macau	Flagge
🇲🇵	e	flag: Northern Mariana Islands	flag	Flagge: Nördliche Marianen	Flagge
🇲🇶	e	flag: Martinique	flag	Flagge: Martinique	Flagge
🇲🇷	e	flag: Mauritania	flag	Flagge: Mauretanien	Flagge
🇲🇸	e	flag: Montserrat	flag	Flagge: Montserrat	Flagge
🇲🇹	e	flag: Malta	flag	Flagge: Malta	Flagge
🇲🇺	e	flag: Mauritius	flag	Flagge: Mauritius	Flagge
🇲🇻	e	flag: Maldives	flag	Flagge: Malediven	Flagge
🇲🇼	e	flag: Malawi	flag	Flagge: Malawi	Flagge
🇲🇽	e	flag: Mexico	flag	Flagge: Mexiko	Flagge
🇲🇾	e	flag: Malaysia	flag	Flagge: Malaysia	Flagge
🇲🇿	e	flag: Mozambique	flag	Flagge: Mosambik	Flagge
🇳🇦	e	flag: Namibia	flag	Flagge: Namibia	Flagge
🇳🇨	e	flag: New Caledonia	flag	Flagge: Neukaledonien	Flagge
🇳🇪	e	flag: Niger	flag	Flagge: Niger	Flagge
🇳🇫	e	flag: Norfolk Island	flag	Flagge: Norfolkinsel	Flagge
🇳🇬	e	flag: Nigeria	flag	Flagge: Nigeria	Flagge
🇳🇮	e	flag: Nicaragua	flag	Flagge: Nicaragua	Flagge
🇳🇱	e	flag: Netherlands	flag	Flagge: Niederlande	Flagge
🇳🇴	e	flag: Norway	flag	Flagge: Norwegen	Flagge
🇳🇵	e	flag: Nepal	flag	Flagge: Nepal	Flagge
🇳🇷	e	flag: Nauru	flag	Flagge: Nauru	Flagge
🇳🇺	e	flag: Niue	flag	Flagge: Niue	Flagge
🇳🇿	e	flag: New Zealand	flag	Flagge: Neuseeland	Flagge
🇴🇲	e	flag: Oman	flag	Flagge: Oman	Flagge
🇵🇦	e	flag: Panama	flag	Flagge: Panama	Flagge
🇵🇪	e	flag: Peru	flag	Flagge: Peru	Flagge
🇵🇫	e	flag: French Polynesia	flag	Flagge: Französisch-Polynesien	Flagge
🇵🇬	e	flag: Papua New Guinea	flag	Flagge: Papua-Neuguinea	Flagge
🇵🇭	e	flag: Philippines	flag	Flagge: Philippinen	Flagge
🇵🇰	e	flag: Pakistan	flag	Flagge: Pakistan	Flagge
🇵🇱	e	flag: Poland	flag	Flagge: Polen	Flagge
🇵🇲	e	flag: St. Pierre & Miquelon	flag	Flagge: St. Pierre und Miquelon	Flagge
🇵🇳	e	flag: Pitcairn Islands	flag	Flagge: Pitcairninseln	Flagge
🇵🇷	e	flag: Puerto Rico	flag	Flagge: Puerto Rico	Flagge
🇵🇸	e	flag: Palestinian Territories	flag	Flagge: Palästinensische Autonomiegebiete	Flagge
🇵🇹	e	flag: Portugal	flag	Flagge: Portugal	Flagge
🇵🇼	e	flag: Palau	flag	Flagge: Palau	Flagge
🇵🇾	e	flag: Paraguay	flag	Flagge: Paraguay	Flagge
🇶🇦	e	flag: Qatar	flag	Flagge: Katar	Flagge
🇷🇪	e	flag: Réunion	flag	Flagge: Réunion	Flagge
🇷🇴	e	flag: Romania	flag	Flagge: Rumänien	Flagge
🇷🇸	e	flag: Serbia	flag	Flagge: Serbien	Flagge
🇷🇺	e	flag: Russia	flag	Flagge: Russland	Flagge
🇷🇼	e	flag: Rwanda	flag	Flagge: Ruanda	Flagge
🇸🇦	e	flag: Saudi Arabia	flag	Flagge: Saudi-Arabien	Flagge
🇸🇧	e	flag: Solomon Islands	flag	Flagge: Salomonen	Flagge
🇸🇨	e	flag: Seychelles	flag	Flagge: Seychellen	Flagge
🇸🇩	e	flag: Sudan	flag	Flagge: Sudan	Flagge
🇸🇪	e	flag: Sweden	flag	Flagge: Schweden	Flagge
🇸🇬	e	flag: Singapore	flag	Flagge: Singapur	Flagge
🇸🇭	e	flag: St. Helena	flag	Flagge: St. Helena	Flagge
🇸🇮	e	flag: Slovenia	flag	Flagge: Slowenien	Flagge
🇸🇯	e	flag: Svalbard & Jan Mayen	flag	Flagge: Spitzbergen und Jan Mayen	Flagge
🇸🇰	e	flag: Slovakia	flag	Flagge: Slowakei	Flagge
🇸🇱	e	flag: Sierra Leone	flag	Flagge: Sierra Leone	Flagge
🇸🇲	e	flag: San Marino	flag	Flagge: San Marino	Flagge
🇸🇳	e	flag: Senegal	flag	Flagge: Senegal	Flagge
🇸🇴	e	flag: Somalia	flag	Flagge: Somalia	Flagge
🇸🇷	e	flag: Suriname	flag	Flagge: Suriname	Flagge
🇸🇸	e	flag: South Sudan	flag	Flagge: Südsudan	Flagge
🇸🇹	e	flag: São Tomé & Príncipe	flag	Flagge: São Tomé und Príncipe	Flagge
🇸🇻	e	flag: El Salvador	flag	Flagge: El Salvador	Flagge
🇸🇽	e	flag: Sint Maarten	flag	Flagge: Sint Maarten	Flagge
🇸🇾	e	flag: Syria	flag	Flagge: Syrien	Flagge
🇸🇿	e	flag: Eswatini	flag	Flagge: Eswatini	Flagge
🇹🇦	e	flag: Tristan da Cunha	flag	Flagge: Tristan da Cunha	Flagge
🇹🇨	e	flag: Turks & Caicos Islands	flag	Flagge: Turks- und Caicosinseln	Flagge
🇹🇩	e	flag: Chad	flag	Flagge: Tschad	Flagge
🇹🇫	e	flag: French Southern Territories	flag	Flagge: Französische Süd- und Antarktisgebiete	Flagge
🇹🇬	e	flag: Togo	flag	Flagge: Togo	Flagge
🇹🇭	e	flag: Thailand	flag	Flagge: Thailand	Flagge
🇹🇯	e	flag: Tajikistan	flag	Flagge: Tadschikistan	Flagge
🇹🇰	e	flag: Tokelau	flag	Flagge: Tokelau	Flagge
🇹🇱	e	flag: Timor-Leste	flag	Flagge: Timor-Leste	Flagge
🇹🇲	e	flag: Turkmenistan	flag	Flagge: Turkmenistan	Flagge
🇹🇳	e	flag: Tunisia	flag	Flagge: Tunesien	Flagge
🇹🇴	e	flag: Tonga	flag	Flagge: Tonga	Flagge
🇹🇷	e	flag: Türkiye	flag	Flagge: Türkei	Flagge
🇹🇹	e	flag: Trinidad & Tobago	flag	Flagge: Trinidad und Tobago	Flagge
🇹🇻	e	flag: Tuvalu	flag	Flagge: Tuvalu	Flagge
🇹🇼	e	flag: Taiwan	flag	Flagge: Taiwan	Flagge
🇹🇿	e	flag: Tanzania	flag	Flagge: Tansania	Flagge
🇺🇦	e	flag: Ukraine	flag	Flagge: Ukraine	Flagge
🇺🇬	e	flag: Uganda	flag	Flagge: Uganda	Flagge
🇺🇲	e	flag: U.S. Outlying Islands	flag	Flagge: Amerikanische Überseeinseln	Flagge
🇺🇳	e	flag: United Nations	flag	Flagge: Vereinte Nationen	Flagge
🇺🇸	e	flag: United States	flag	Flagge: Vereinigte Staaten	Flagge
🇺🇾	e	flag: Uruguay	flag	Flagge: Uruguay	Flagge
🇺🇿	e	flag: Uzbekistan	flag	Flagge: Usbekistan	Flagge
🇻🇦	e	flag: Vatican City	flag	Flagge: Vatikanstadt	Flagge
🇻🇨	e	flag: St. Vincent & Grenadines	flag	Flagge: St. Vincent und die Grenadinen	Flagge
🇻🇪	e	flag: Venezuela	flag	Flagge: Venezuela	Flagge
🇻🇬	e	flag: British Virgin Islands	flag	Flagge: Britische Jungferninseln	Flagge
🇻🇮	e	flag: U.S. Virgin Islands	flag	Flagge: Amerikanische Jungferninseln	Flagge
🇻🇳	e	flag: Vietnam	flag	Flagge: Vietnam	Flagge
🇻🇺	e	flag: Vanuatu	flag	Flagge: Vanuatu	Flagge
🇼🇫	e	flag: Wallis & Futuna	flag	Flagge: Wallis und Futuna	Flagge
🇼🇸	e	flag: Samoa	flag	Flagge: Samoa	Flagge
🇽🇰	e	flag: Kosovo	flag	Flagge: Kosovo	Flagge
🇾🇪	e	flag: Yemen	flag	Flagge: Jemen	Flagge
🇾🇹	e	flag: Mayotte	flag	Flagge: Mayotte	Flagge
🇿🇦	e	flag: South Africa	flag	Flagge: Südafrika	Flagge
🇿🇲	e	flag: Zambia	flag	Flagge: Sambia	Flagge
🇿🇼	e	flag: Zimbabwe	flag	Flagge: Simbabwe	Flagge
🏴󠁧󠁢󠁥󠁮󠁧󠁿	e	flag: England	flag	Flagge: England	Flagge
🏴󠁧󠁢󠁳󠁣󠁴󠁿	e	flag: Scotland	flag	Flagge: Schottland	Flagge
🏴󠁧󠁢󠁷󠁬󠁳󠁿	e	flag: Wales	flag	Flagge: Wales	Flagge
←	s	left arrow	arrow|back|previous	Pfeil nach links	links|zurück
↑	s	up arrow	arrow|top	Pfeil nach oben	oben|hoch|aufwärts
→	s	right arrow	arrow|forward|next	Pfeil nach rechts	rechts|weiter|vor
↓	s	down arrow	arrow|bottom	Pfeil nach unten	unten|runter|abwärts
↔	s	left-right arrow	arrow|horizontal|both ways	Pfeil nach links und rechts	waagerecht|horizontal|beidseitig
↕	s	up-down arrow	arrow|vertical	Pfeil nach oben und unten	senkrecht|vertikal
↖	s	up-left arrow	arrow|diagonal|north-west	Pfeil nach links oben	diagonal|schräg|Nordwest
↗	s	up-right arrow	arrow|diagonal|north-east	Pfeil nach rechts oben	diagonal|schräg|Nordost
↘	s	down-right arrow	arrow|diagonal|south-east	Pfeil nach rechts unten	diagonal|schräg|Südost
↙	s	down-left arrow	arrow|diagonal|south-west	Pfeil nach links unten	diagonal|schräg|Südwest
⇐	s	double left arrow	arrow|implied by	Doppelpfeil nach links	Pfeil|folgt aus
⇒	s	double right arrow	arrow|implies|follows	Doppelpfeil nach rechts	Pfeil|daraus folgt|Implikation|Folgepfeil
⇔	s	double left-right arrow	arrow|equivalent|if and only if|iff	Doppelpfeil nach links und rechts	Pfeil|äquivalent|genau dann wenn
↩	s	right arrow curving left	arrow|return|back|reply|undo	geschwungener Pfeil nach links	Pfeil|zurück|antworten|rückgängig
↪	s	left arrow curving right	arrow|forward|redo	geschwungener Pfeil nach rechts	Pfeil|weiterleiten|wiederholen
⤴	s	right arrow curving up	arrow|up	geschwungener Pfeil nach oben	Pfeil|oben
⤵	s	right arrow curving down	arrow|down	geschwungener Pfeil nach unten	Pfeil|unten
↺	s	counterclockwise arrow	arrow|anticlockwise|undo|rotate	Kreispfeil gegen den Uhrzeigersinn	Pfeil|drehen|rückgängig|links herum
↻	s	clockwise arrow	arrow|reload|refresh|redo|rotate	Kreispfeil im Uhrzeigersinn	Pfeil|neu laden|aktualisieren|drehen|rechts herum
⇄	s	right arrow over left arrow	arrow|swap|exchange|switch	Pfeile nach rechts und links	Pfeil|tauschen|wechseln|hin und her
➔	s	heavy right arrow	arrow|bold	fetter Pfeil nach rechts	Pfeil|fett|rechts
➜	s	round-tipped right arrow	arrow|bold|heavy	fetter Pfeil nach rechts mit runder Spitze	Pfeil|fett|rechts
➤	s	right arrowhead	arrow|pointer|bullet	Pfeilspitze nach rechts	Pfeil|Aufzählungszeichen|Zeiger
±	s	plus-minus	plus or minus|tolerance	Plusminuszeichen	plus oder minus|Toleranz
×	s	multiplication sign	times|multiply|by	Malzeichen	mal|multiplizieren|Malkreuz
÷	s	division sign	divide|divided by|obelus	Geteiltzeichen	geteilt durch|dividieren|Division
−	s	minus sign	subtract|negative	Minuszeichen	minus|subtrahieren|negativ
⋅	s	dot operator	times|multiply|dot product	Malpunkt	mal|multiplizieren|Skalarprodukt
≠	s	not equal	unequal|different|inequality	ungleich	nicht gleich|Ungleichheit|verschieden
≈	s	almost equal	approximately|about|roughly|circa	ungefähr gleich	circa|etwa|rund|gerundet
≡	s	identical to	equivalent|congruent|triple bar	identisch	äquivalent|kongruent
≙	s	corresponds to	estimates|equals	entspricht	Entsprechung
∝	s	proportional to	proportional|varies as	proportional zu	Proportionalität
≤	s	less than or equal	at most|not greater	kleiner oder gleich	kleiner gleich|höchstens
≥	s	greater than or equal	at least|not less	größer oder gleich	größer gleich|mindestens
∞	s	infinity	infinite|endless|forever	unendlich	Unendlichkeit|endlos|liegende Acht
√	s	square root	root|radical	Quadratwurzel	Wurzel|Wurzelzeichen
∑	s	summation	sum|sigma|total	Summenzeichen	Summe|Sigma
∏	s	product	pi|multiply	Produktzeichen	Produkt|Pi
∫	s	integral	calculus|area	Integral	Integralzeichen|Analysis
∂	s	partial derivative	partial|del|differential	partielle Ableitung	Del|Differential
∆	s	increment	delta|difference|change	Differenz	Delta|Änderung|Inkrement
∇	s	nabla	del|gradient	Nabla	Gradient|Nabla-Operator
∈	s	element of	in|member|belongs to|set	Element von	enthalten in|Menge
∉	s	not an element of	not in|set	kein Element von	nicht enthalten in|Menge
∩	s	intersection	set|cap|and	Schnittmenge	Durchschnitt|Menge|geschnitten
∪	s	union	set|cup|or	Vereinigungsmenge	Vereinigung|Menge|vereinigt
⊂	s	subset of	set|contained in	Teilmenge von	Untermenge|Menge
⊃	s	superset of	set|contains	Obermenge von	Menge|enthält
⊆	s	subset of or equal to	set	Teilmenge oder gleich	Untermenge|Menge
⊇	s	superset of or equal to	set	Obermenge oder gleich	Menge
∅	s	empty set	null set|nothing|void	leere Menge	Nullmenge|nichts
∀	s	for all	every|any|universal quantifier	für alle	Allquantor|für jedes
∃	s	there exists	exists|existential quantifier	es existiert	Existenzquantor|es gibt
¬	s	not sign	negation|logical not	Negation	nicht|logisches Nicht|Negationszeichen
∧	s	logical and	and|conjunction|wedge	logisches Und	und|Konjunktion
∨	s	logical or	or|disjunction|vee	logisches Oder	oder|Disjunktion
⊕	s	circled plus	xor|exclusive or|direct sum	Plus im Kreis	XOR|exklusives Oder|direkte Summe
∴	s	therefore	hence|so|thus	folglich	daher|deshalb|also
∠	s	angle	geometry	Winkel	Geometrie|Winkelzeichen
⊥	s	perpendicular	orthogonal|right angle|up tack	senkrecht	orthogonal|rechtwinklig|Lot
∥	s	parallel to	parallel	parallel	parallel zu
°	s	degree	degrees|temperature|angle	Grad	Gradzeichen|Temperatur|Winkel
′	s	prime	minutes|feet|arcminute	Minutenzeichen	Prime|Strich|Fuß|Bogenminute
″	s	double prime	seconds|inches|arcsecond	Sekundenzeichen	Doppelprime|Zoll|Bogensekunde
‰	s	per mille	per thousand|permille	Promille	Tausendstel|pro tausend
µ	s	micro sign	micro|mu|millionth	Mikro	Mikrozeichen|My|Millionstel
⌀	s	diameter	average|diameter sign	Durchmesser	Durchmesserzeichen|Durchschnitt
ℕ	s	natural numbers	set|double-struck N	natürliche Zahlen	Menge|Zahlenmenge
ℤ	s	integers	set|whole numbers|double-struck Z	ganze Zahlen	Menge|Zahlenmenge
ℚ	s	rational numbers	set|fractions|double-struck Q	rationale Zahlen	Menge|Zahlenmenge|Brüche
ℝ	s	real numbers	set|reals|double-struck R	reelle Zahlen	Menge|Zahlenmenge
ℂ	s	complex numbers	set|double-struck C	komplexe Zahlen	Menge|Zahlenmenge
€	s	euro	EUR|currency|money	Euro	EUR|Währung|Geld
£	s	pound	GBP|sterling|currency	Pfund	GBP|Pfund Sterling|Währung
¥	s	yen	JPY|yuan|CNY|currency	Yen	JPY|Yuan|CNY|Währung
¢	s	cent	currency|money	Cent	Währung|Geld
₹	s	Indian rupee	INR|currency	indische Rupie	INR|Währung
₽	s	ruble	RUB|rouble|currency	Rubel	RUB|Währung
₩	s	won	KRW|Korea|currency	Won	KRW|Korea|Währung
₿	s	bitcoin	BTC|crypto|currency	Bitcoin	BTC|Kryptowährung
₺	s	Turkish lira	TRY|currency	türkische Lira	TRY|Währung
₴	s	hryvnia	UAH|Ukraine|currency	Hrywnja	UAH|Ukraine|Währung
₪	s	shekel	ILS|sheqel|Israel|currency	Schekel	ILS|Israel|Währung
₫	s	dong	VND|Vietnam|currency	Dong	VND|Vietnam|Währung
₱	s	peso	PHP|Philippines|currency	Peso	PHP|Philippinen|Währung
฿	s	baht	THB|Thailand|currency	Baht	THB|Thailand|Währung
¤	s	currency sign	generic|money	Währungszeichen	allgemein|Geld
—	s	em dash	dash|long dash	Geviertstrich	langer Strich|Gedankenstrich
–	s	en dash	dash|range|to	Halbgeviertstrich	Gedankenstrich|Bis-Strich|Streckenstrich
‑	s	non-breaking hyphen	hyphen|no-break	geschützter Bindestrich	Bindestrich|nicht umbrechend
…	s	ellipsis	dots|three dots|omission	Auslassungspunkte	drei Punkte|Ellipse
•	s	bullet	dot|list|point	Aufzählungspunkt	Punkt|Liste|Aufzählungszeichen
·	s	middle dot	interpunct|centered dot|dot	Mittelpunkt	Punkt|Hochpunkt|halbhoher Punkt
‹	s	single left angle quote	guillemet|chevron|quotation mark	einfaches Guillemet links	Anführungszeichen|Chevron|Spitzzeichen
›	s	single right angle quote	guillemet|chevron|quotation mark	einfaches Guillemet rechts	Anführungszeichen|Chevron|Spitzzeichen
«	s	left angle quote	guillemet|chevron|quotation mark|French	Guillemet links	Anführungszeichen|Chevron|Spitzzeichen|französisch
»	s	right angle quote	guillemet|chevron|quotation mark|French	Guillemet rechts	Anführungszeichen|Chevron|Spitzzeichen|französisch
“	s	left double quote	quotation mark|opening|curly|66	Anführungszeichen oben	Gänsefüßchen|schließend|deutsch
”	s	right double quote	quotation mark|closing|curly|99	englisches Anführungszeichen rechts	Gänsefüßchen|schließend|englisch
‘	s	left single quote	quotation mark|opening|curly	einfaches Anführungszeichen oben	halbes Anführungszeichen|schließend|deutsch
’	s	right single quote	apostrophe|closing|curly	Apostroph	Hochkomma|Auslassungszeichen|einfaches Anführungszeichen rechts
„	s	low double quote	quotation mark|opening|German	Anführungszeichen unten	Gänsefüßchen|öffnend|deutsch
‚	s	low single quote	quotation mark|opening|German	einfaches Anführungszeichen unten	halbes Anführungszeichen|öffnend|deutsch
§	s	section sign	section|paragraph|law|legal	Paragrafzeichen	Paragraf|Paragraph|Gesetz
¶	s	pilcrow	paragraph mark|paragraph	Absatzzeichen	Absatzmarke|Absatz|Alinea
†	s	dagger	cross|footnote|died|obelisk	typografisches Kreuz	Kreuz|Fußnote|gestorben|Sterbekreuz
‡	s	double dagger	cross|footnote	typografisches Doppelkreuz	Doppelkreuz|Fußnote
©	s	copyright	c|rights reserved	Copyright	Urheberrecht|c
®	s	registered	r|registered trademark	eingetragene Marke	registriert|Warenzeichen|r
™	s	trademark	tm|trade mark	Markenzeichen	Trademark|Warenzeichen|tm
℠	s	service mark	sm	Dienstleistungsmarke	Service Mark|sm
№	s	numero sign	number|no.	Nummernzeichen	Nummer|Nr.|Numero
‽	s	interrobang	question|exclamation	Interrobang	Fragerufzeichen|Frage|Ausruf
¡	s	inverted exclamation mark	Spanish|upside down	umgekehrtes Ausrufezeichen	spanisch|kopfstehend
¿	s	inverted question mark	Spanish|upside down	umgekehrtes Fragezeichen	spanisch|kopfstehend
ẞ	s	capital sharp s	eszett|German|uppercase	großes Eszett	scharfes S|Versal-Eszett|Großbuchstabe
½	s	one half	half|fraction|1/2	ein halb	Hälfte|Bruch|1/2
⅓	s	one third	third|fraction|1/3	ein Drittel	Bruch|1/3
⅔	s	two thirds	fraction|2/3	zwei Drittel	Bruch|2/3
¼	s	one quarter	quarter|fourth|fraction|1/4	ein Viertel	Bruch|1/4
¾	s	three quarters	fraction|3/4	drei Viertel	Bruch|3/4
⅕	s	one fifth	fifth|fraction|1/5	ein Fünftel	Bruch|1/5
⅛	s	one eighth	eighth|fraction|1/8	ein Achtel	Bruch|1/8
⁰	s	superscript zero	exponent|power|0	hochgestellte Null	Exponent|hoch 0
¹	s	superscript one	exponent|power|1	hochgestellte Eins	Exponent|hoch 1
²	s	superscript two	squared|exponent|power|2	hochgestellte Zwei	Quadrat|Exponent|hoch 2
³	s	superscript three	cubed|exponent|power|3	hochgestellte Drei	Kubik|Exponent|hoch 3
⁴	s	superscript four	exponent|power|4	hochgestellte Vier	Exponent|hoch 4
⁵	s	superscript five	exponent|power|5	hochgestellte Fünf	Exponent|hoch 5
⁶	s	superscript six	exponent|power|6	hochgestellte Sechs	Exponent|hoch 6
⁷	s	superscript seven	exponent|power|7	hochgestellte Sieben	Exponent|hoch 7
⁸	s	superscript eight	exponent|power|8	hochgestellte Acht	Exponent|hoch 8
⁹	s	superscript nine	exponent|power|9	hochgestellte Neun	Exponent|hoch 9
ⁿ	s	superscript n	exponent|power|nth	hochgestelltes n	Exponent|hoch n
₀	s	subscript zero	index|0	tiefgestellte Null	Index|0
₁	s	subscript one	index|1	tiefgestellte Eins	Index|1
₂	s	subscript two	index|2|H2O|CO2	tiefgestellte Zwei	Index|2|H2O|CO2
₃	s	subscript three	index|3	tiefgestellte Drei	Index|3
₄	s	subscript four	index|4	tiefgestellte Vier	Index|4
₅	s	subscript five	index|5	tiefgestellte Fünf	Index|5
₆	s	subscript six	index|6	tiefgestellte Sechs	Index|6
₇	s	subscript seven	index|7	tiefgestellte Sieben	Index|7
₈	s	subscript eight	index|8	tiefgestellte Acht	Index|8
₉	s	subscript nine	index|9	tiefgestellte Neun	Index|9
α	s	alpha	Greek|letter|angle	Alpha	griechisch|Buchstabe|Winkel
β	s	beta	Greek|letter	Beta	griechisch|Buchstabe
γ	s	gamma	Greek|letter	Gamma	griechisch|Buchstabe
δ	s	delta	Greek|letter	Delta	griechisch|Buchstabe
ε	s	epsilon	Greek|letter	Epsilon	griechisch|Buchstabe
ζ	s	zeta	Greek|letter	Zeta	griechisch|Buchstabe
η	s	eta	Greek|letter|efficiency	Eta	griechisch|Buchstabe|Wirkungsgrad
θ	s	theta	Greek|letter|angle	Theta	griechisch|Buchstabe|Winkel
ι	s	iota	Greek|letter	Iota	griechisch|Buchstabe|Jota
κ	s	kappa	Greek|letter	Kappa	griechisch|Buchstabe
λ	s	lambda	Greek|letter|wavelength	Lambda	griechisch|Buchstabe|Wellenlänge
μ	s	mu	Greek|letter|micro	My	griechisch|Buchstabe|Mü|Mikro
ν	s	nu	Greek|letter|frequency	Ny	griechisch|Buchstabe|Nü|Frequenz
ξ	s	xi	Greek|letter	Xi	griechisch|Buchstabe
π	s	pi	Greek|letter|circle|3.14	Pi	griechisch|Buchstabe|Kreiszahl|3,14
ρ	s	rho	Greek|letter|density	Rho	griechisch|Buchstabe|Dichte
σ	s	sigma	Greek|letter|standard deviation	Sigma	griechisch|Buchstabe|Standardabweichung
τ	s	tau	Greek|letter	Tau	griechisch|Buchstabe
υ	s	upsilon	Greek|letter	Ypsilon	griechisch|Buchstabe
φ	s	phi	Greek|letter|angle|golden ratio	Phi	griechisch|Buchstabe|Winkel|goldener Schnitt
χ	s	chi	Greek|letter	Chi	griechisch|Buchstabe
ψ	s	psi	Greek|letter	Psi	griechisch|Buchstabe
ω	s	omega	Greek|letter|angular frequency	Omega	griechisch|Buchstabe|Kreisfrequenz
Γ	s	capital gamma	Greek|letter|uppercase	großes Gamma	griechisch|Buchstabe|Großbuchstabe
Δ	s	capital delta	Greek|letter|uppercase|difference|change	großes Delta	griechisch|Buchstabe|Großbuchstabe|Differenz|Änderung
Θ	s	capital theta	Greek|letter|uppercase	großes Theta	griechisch|Buchstabe|Großbuchstabe
Λ	s	capital lambda	Greek|letter|uppercase	großes Lambda	griechisch|Buchstabe|Großbuchstabe
Π	s	capital pi	Greek|letter|uppercase|product	großes Pi	griechisch|Buchstabe|Großbuchstabe|Produkt
Σ	s	capital sigma	Greek|letter|uppercase|sum	großes Sigma	griechisch|Buchstabe|Großbuchstabe|Summe
Φ	s	capital phi	Greek|letter|uppercase	großes Phi	griechisch|Buchstabe|Großbuchstabe
Ψ	s	capital psi	Greek|letter|uppercase	großes Psi	griechisch|Buchstabe|Großbuchstabe
Ω	s	capital omega	Greek|letter|uppercase|ohm|resistance	großes Omega	griechisch|Buchstabe|Großbuchstabe|Ohm|Widerstand
⌘	s	command key	cmd|Mac|shortcut	Befehlstaste	Cmd|Command|Mac|Tastenkürzel
⌥	s	option key	alt|opt|Mac	Wahltaste	Option|Alt|Mac
⇧	s	shift key	shift|uppercase|up arrow	Umschalttaste	Shift|Hochstelltaste|Großschreibung
⌃	s	control key	ctrl|Mac|caret	Steuerungstaste	Strg|Ctrl|Control|Mac
⇪	s	caps lock	caps|uppercase|key	Feststelltaste	Caps Lock|Umschaltsperre|Großschreibung
⏎	s	return key	enter|return|newline	Eingabetaste	Enter|Return|Zeilenschaltung
↵	s	return arrow	enter|newline|line break|arrow	Zeilenumbruch	Enter|Return|Eingabe|Pfeil
⌫	s	backspace key	delete|erase|delete left	Rücktaste	Backspace|löschen|Rückschritt
⌦	s	forward delete key	delete|del|erase|delete right	Entfernen-Taste	Entf|Delete|löschen
⇥	s	tab key	tab|tabulator|indent	Tabulatortaste	Tab|Tabulator|einrücken
⎋	s	escape key	esc|cancel	Escape-Taste	Esc|abbrechen
␣	s	visible space	space|blank|space bar|open box	sichtbares Leerzeichen	Leerzeichen|Leertaste|Leerschritt
✓	s	check mark	tick|yes|done|correct	Häkchen	Haken|erledigt|richtig|ja
✔	s	heavy check mark	tick|bold|done|correct	kräftiges Häkchen	Haken|erledigt|richtig|fett
✗	s	ballot x	cross|no|wrong|x	Kreuzchen	x|falsch|nein|durchgekreuzt
✕	s	multiplication x	close|cancel|cross|x	schräges Kreuz	x|schließen|abbrechen|Kreuz
☐	s	ballot box	checkbox|empty|unchecked|to-do	Kästchen	Checkbox|leer|Ankreuzfeld|To-do
☑	s	ballot box with check	checkbox|checked|done|tick	Kästchen mit Häkchen	Checkbox|angekreuzt|erledigt
☒	s	ballot box with x	checkbox|crossed|cross	Kästchen mit Kreuz	Checkbox|angekreuzt|durchgekreuzt
★	s	black star	star|filled|favorite|rating	gefüllter Stern	Stern|schwarz|Favorit|Bewertung
☆	s	white star	star|outline|empty|rating	leerer Stern	Stern|Umriss|weiß|Bewertung
✦	s	four-pointed star	star|sparkle|AI	vierzackiger Stern	Stern|Funkeln|Glitzer|KI
♠	s	spade suit	spades|cards|suit	Pik	Karten|Kartenfarbe|Spielkarte
♥	s	heart suit	hearts|cards|suit|love	Herz	Karten|Kartenfarbe|Spielkarte|Liebe
♦	s	diamond suit	diamonds|cards|suit	Karo	Karten|Kartenfarbe|Spielkarte
♣	s	club suit	clubs|cards|suit	Kreuz	Karten|Kartenfarbe|Spielkarte|Treff
♡	s	white heart suit	heart|outline|love	leeres Herz	Herz|Umriss|Liebe
♪	s	eighth note	music|note|quaver	Achtelnote	Musik|Note
♫	s	beamed eighth notes	music|notes|song	verbundene Achtelnoten	Musik|Noten|Lied
♭	s	flat	music|note|accidental	B-Vorzeichen	Musik|Note|Erniedrigungszeichen
♯	s	sharp	music|note|accidental	Kreuzvorzeichen	Musik|Note|Erhöhungszeichen|Kreuz
◆	s	black diamond	filled|rhombus|lozenge	gefüllte Raute	Raute|Rhombus|schwarz
◇	s	white diamond	outline|rhombus|lozenge	leere Raute	Raute|Rhombus|Umriss
●	s	black circle	filled|dot|round	gefüllter Kreis	Kreis|Punkt|schwarz
○	s	white circle	outline|ring|round	leerer Kreis	Kreis|Ring|Umriss
◉	s	fisheye	radio button|selected|circle	Kreis mit Punkt	Optionsfeld|Radiobutton|ausgewählt
■	s	black square	filled|stop|box	gefülltes Quadrat	Quadrat|schwarz|Stopp
□	s	white square	outline|empty|box	leeres Quadrat	Quadrat|Umriss|Kasten
▲	s	black up triangle	triangle|filled|arrow|up	gefülltes Dreieck nach oben	Dreieck|Pfeil|oben
▼	s	black down triangle	triangle|filled|arrow|down	gefülltes Dreieck nach unten	Dreieck|Pfeil|unten
◀	s	black left triangle	triangle|arrow|back|previous	gefülltes Dreieck nach links	Dreieck|Pfeil|zurück
▶	s	black right triangle	triangle|arrow|play|next	gefülltes Dreieck nach rechts	Dreieck|Pfeil|abspielen|weiter
△	s	white up triangle	triangle|outline|up	leeres Dreieck nach oben	Dreieck|Umriss|oben
▽	s	white down triangle	triangle|outline|down	leeres Dreieck nach unten	Dreieck|Umriss|unten
❮	s	heavy left angle bracket	chevron|back|previous	fette spitze Klammer links	Chevron|Winkel|zurück
❯	s	heavy right angle bracket	chevron|prompt|next	fette spitze Klammer rechts	Chevron|Winkel|Prompt|weiter
☰	s	three lines	menu|hamburger|trigram	drei Striche	Menü|Hamburger-Menü|Trigramm
⋮	s	vertical ellipsis	more|menu|three dots	senkrechte Auslassungspunkte	drei Punkte|Menü|mehr
⋯	s	midline ellipsis	more|three dots|centered	mittige Auslassungspunkte	drei Punkte|mehr
⌂	s	house	home|start	Haus	Home|Startseite|Zuhause
 	s	no-break space	nbsp|non-breaking|space|blank	geschütztes Leerzeichen	Leerzeichen|nicht umbrechend|nbsp
 	s	narrow no-break space	nnbsp|thin|non-breaking|space	schmales geschütztes Leerzeichen	Leerzeichen|nicht umbrechend|schmal
 	s	thin space	space|narrow|blank	schmales Leerzeichen	Leerzeichen|dünn|Spatium
 	s	em space	space|wide|blank	Geviert-Leerzeichen	Leerzeichen|Geviert|breit
​	s	zero-width space	zwsp|invisible|space|break	breitenloses Leerzeichen	Leerzeichen|unsichtbar|nullbreit|zwsp
­	s	soft hyphen	shy|hyphen|optional|invisible	weiches Trennzeichen	bedingter Trennstrich|Trennstrich|Silbentrennung|unsichtbar
